Laptop_ID,Brand Name,Processor_ID,Screen_Size,Resolution_ID,OS_ID,RAM,Storage_ID,gpu_name,USB_ID,price,refurbished
1,Dell,CPU3324,15.6,R3,OS1,8GB RAM,S1,INTELIRISXE,1,436.49,1
2,Lenovo,CPU1280,15.6,R3,OS2,4GB RAM,S1,AMDRADEON,1,199.99,1
3,Asus,CPU1831,15.6,R3,OS2,4GB RAM,S1,GRAPHICS,2,199.99,1
4,Lenovo,CPU2016,15.60,R1,OS1,4GB RAM,S2,INTELHD5500,1,235.99,1
5,ASUS,CPU2224,11.6,R3,OS1,4GB RAM,S2,INTELUHD,1,223.99,1
6,ASUS,CPU2701,14,R1,OS3,4GB RAM,S2,INTELUHD,2,257.99,1
7,ASUS,CPU2221,15.60,R1,OS2,4GB RAM,S2,AMDRADEONVEGA3,2,236.99,1
8,Lenovo,CPU2426,15.60,R3,OS2,4GB RAM,S2,AMDRADEONVEGA3,2,259.99,1
9,HP,CPU2093,15.60,R3,OS1,4GB RAM,S2,INTELHD4400,1,223.49,1
10,Dell,CPU2303,14,R1,OS1,8GB RAM,S2,INTELHD520,1,374.49,1
11,Lenovo,CPU1899,14,R3,OS3,4GB RAM,S2,INTELHD,2,259.99,1
12,Acer,CPU2929,14,R3,OS2,8GB RAM,S2,INTELUHD,1,389.49,1
13,ASUS,CPU3915,16,R13,OS4,16GB RAM,S8,NVIDIAGEFORCERTX3070TI8GB,3,2396.49,1
14,Lenovo,CPU2213,14,R3,OS1,8GB RAM,S4,INTELHD4600,1,151.99,1
15,Lenovo,CPU2999,14,R1,OS1,16GB RAM,S4,INTELHD520,1,428.49,1
16,Lenovo,CPU2114,14,R4,OS1,16GB RAM,S4,INTELHD5500,1,296.99,1
17,ASUS,CPU3930,14,R13,OS4,16GB RAM,S5,AMDRADEONRX6700S8GB,3,1410.49,1
18,ASUS,CPU3944,14,R11,OS4,16GB RAM,S5,AMDRADEONRX6800S8GB,3,1673.49,1
19,Acer,CPU3399,15.6,R1,OS2,8GB RAM,S5,DEDICATEDGEFORCERTX20606GB,2,1137.49,1
20,Lenovo,CPU3455,15.6,R1,OS2,16GB RAM,S5,NVIDIAGEFORCERTX2070MAXQ8GB,4,1204.99,1
21,Lenovo,CPU3615,15.6,R1,OS2,16GB RAM,S5,NVIDIAGEFORCERTX2080SUPERMAXQ8GB,4,1311.49,1
22,Lenovo,CPU3647,15.6,R1,OS2,32GB RAM,S5,NVIDIAGEFORCERTX2080SUPERMAXQ8GB,4,1745.99,1
23,MSI,CPU3798,15.6,R1,OS4,16GB RAM,S5,NVIDIAGEFORCERTX30606GB,3,1017.99,1
24,ASUS,CPU3845,16,R13,OS2,16GB RAM,S5,NVIDIAGEFORCERTX30606GB,3,1209.49,1
25,ASUS,CPU3850,15.6,R1,OS2,16GB RAM,S5,NVIDIAGEFORCERTX30708GB,3,1399.49,1
26,ASUS,CPU3850,17.3,R1,OS2,16GB RAM,S5,NVIDIAGEFORCERTX30708GB,3,1521.49,1
27,ASUS,CPU3850,15.6,R1,OS2,16GB RAM,S5,NVIDIAGEFORCERTX30708GB,2,1472.49,1
28,ASUS,CPU3873,15.6,R7,OS2,16GB RAM,S5,NVIDIAGEFORCERTX30708GB,5,1832.99,1
29,Medion,CPU3850,17.3,R5,OS4,32GB RAM,S5,NVIDIAGEFORCERTX308016GB,4,1616.49,1
30,Razer,CPU3908,14,R5,OS2,16GB RAM,S5,NVIDIAGEFORCERTX30808GB,3,1971.99,1
31,MSI,CPU4037,17.3,R1,OS4,16GB RAM,S5,NVIDIAGEFORCERTX30808GB,3,2107.49,1
32,Fujitsu,CPU3378,13.3,R1,OS1,16GB RAM,S5,INTELIRISXE,6,1235.99,1
33,Lenovo,CPU2021,14,0,OS1,8GB RAM,S6,INTELHD4400,2,175.99,1
34,Lenovo,CPU2303,14,R1,OS1,8GB RAM,S6,INTELHD520,1,285.49,1
35,Lenovo,CPU2303,14,R1,OS1,16GB RAM,S6,INTELHD520,2,313.49,1
36,HP,CPU2016,14,0,OS1,8GB RAM,S6,INTELHD5500,1,254.49,1
37,HP,CPU2303,12.5,R1,OS1,8GB RAM,S6,INTELHD5500,1,303.49,1
38,HP,CPU2303,12.5,R3,OS1,8GB RAM,S6,INTELHD5500,1,287.49,1
39,Lenovo,CPU2432,14,R1,OS1,8GB RAM,S6,INTELHD620,2,300.49,1
40,ASUS,CPU2486,15.6,R1,OS2,8GB RAM,S7,AMDRADEONVEGA3,2,368.49,1
41,Honor,CPU3033,14,R1,OS2,8GB RAM,S7,AMDRADEONVEGA8,4,429.99,1
42,Lenovo,CPU2847,15.6,R1,OS2,8GB RAM,S7,INTELHD620,4,429.99,1
43,MSI,CPU3122,17.3,R1,OS2,8GB RAM,S7,DEDICATEDGEFORCEGTX16504GB,2,899.99,1
44,ASUS,CPU3122,15.6,R1,OS2,8GB RAM,S7,DEDICATEDGEFORCEGTX16504GB,2,494.99,1
45,Lenovo,CPU3122,17.3,R1,OS2,8GB RAM,S7,DEDICATEDGEFORCEGTX1660TI6GB,2,799.99,1
46,ASUS,CPU2847,13.3,R1,OS2,16GB RAM,S7,INTELUHD,2,429.99,1
47,ASUS,CPU3107,15.6,R1,OS2,8GB RAM,S7,INTELUHD,2,372.49,1
48,ASUS,CPU3107,14,R1,OS2,8GB RAM,S7,INTELUHD,2,399.99,1
49,MSI,CPU3324,14,R1,OS2,8GB RAM,S7,INTELXE,7,342.49,1
50,Lenovo,CPU3324,14,R1,OS2,8GB RAM,S7,0,1,610.49,1
51,Lenovo,CPU3399,15.6,R1,OS2,16GB RAM,S7,DEDICATEDGEFORCERTX20708GB,2,1354.99,1
52,ASUS,CPU3033,15.6,R1,OS2,8GB RAM,S7,AMDRADEONVEGA8,2,356.49,1
53,Lenovo,CPU1443,15.6,R1,OS2,8GB RAM,S7,AMDRADEONR5,2,259.49,1
54,Lenovo,CPU1878,14,R3,OS1,8GB RAM,S7,AMDRADEONR6,1,157.49,1
55,Lenovo,CPU1993,12.5,0,OS1,8GB RAM,S7,AMDRADEONR7,1,182.49,1
56,Lenovo,CPU3033,15.6,R1,OS1,8GB RAM,S7,AMDRADEONVEGA8,2,347.99,1
57,HP,CPU2208,14,R1,OS1,8GB RAM,S7,INTELHD520,2,459.49,1
58,Lenovo,CPU2303,12.5,R3,OS1,8GB RAM,S7,INTELHD520,2,218.49,1
59,HP,CPU2208,14,R1,OS1,8GB RAM,S7,INTELHD520,1,299.49,1
60,Dell,CPU2114,12.5,R3,OS1,8GB RAM,S7,INTELHD5500,1,206.99,1
61,HP,CPU2016,14,R3,OS1,8GB RAM,S7,INTELHD5500,2,395.99,1
62,Lenovo,CPU2114,12.5,R3,OS1,8GB RAM,S7,INTELHD5500,1,217.49,1
63,HP,CPU2350,14,R1,OS1,8GB RAM,S7,INTELHD620,1,577.49,1
64,HP,CPU2350,14,R1,OS1,8GB RAM,S7,INTELHD620,1,486.99,1
65,Lenovo,CPU3324,15.6,R1,OS5,8GB RAM,S7,INTELIRISXE,6,451.49,1
66,HP,CPU3324,13.3,R1,OS1,8GB RAM,S7,INTELIRISXE,1,633.49,1
67,Lenovo,CPU3324,15.6,R1,OS2,8GB RAM,S7,INTELIRISXE,6,455.99,1
68,ASUS,CPU3324,15.6,R1,OS1,8GB RAM,S7,INTELIRISXE,1,490.99,1
69,HP,CPU2847,14,R1,OS1,8GB RAM,S7,INTELUHD620,1,643.49,1
70,Lenovo,CPU2847,15.6,R1,OS1,8GB RAM,S7,INTELUHD620,1,544.49,1
71,Dynabook,CPU3359,14,R1,OS1,16GB RAM,S7,IRISXE,1,839.99,1
72,HP,CPU2303,12.5,R1,OS1,8GB RAM,S7,INTELHD520,2,253.99,1
73,Dynabook,CPU3324,13.3,R1,OS1,16GB RAM,S7,INTELIRISXE,1,881.49,1
74,Lenovo,CPU3393,15.6,R1,OS1,8GB RAM,S7,AMDRADEON,1,508.99,1
75,Microsoft,CPU2673,13,0,OS1,16GB RAM,S7,GRAPHICS,1,634.49,1
76,ASUS,CPU3324,15.6,R1,OS1,8GB RAM,S7,INTELUHD,1,410.99,1
77,Lenovo,CPU3107,14,R1,OS1,8GB RAM,S7,INTELUHD,1,550.99,1
78,Lenovo,CPU2978,14,R1,OS1,8GB RAM,S7,NVIDIAQUADROP5202GB,1,758.99,1
79,ASUS,CPU3845,16,R11,OS2,16GB RAM,S8,NVIDIAGEFORCERTX30606GB,3,1458.49,1
80,ASUS,CPU3855,15.6,R1,OS2,32GB RAM,S8,NVIDIAGEFORCERTX308016GB,3,2523.99,1
81,ASUS,CPU3908,17.3,R1,OS2,32GB RAM,S8,NVIDIAGEFORCERTX308016GB,3,2449.49,1
82,ASUS,CPU3908,15.6,R5,OS2,32GB RAM,S8,NVIDIAGEFORCERTX308016GB,3,2311.49,1
83,Dell,CPU1477,11.6,R3,OS6,4GB RAM,S9,INTELUHD,2,111.99,1
84,HP,CPU1128,14,R1,OS6,4GB RAM,S9,INTELHD500,2,95.99,1
85,Samsung,CPU1360,15.6,R1,OS6,4GB RAM,S9,INTELUHD600,1,219.49,1
86,Lenovo,CPU1477,11.6,R3,OS6,4GB RAM,S9,INTELUHD600,1,108.49,1
87,Box,CPU1803,15.6,R3,OS1,8GB RAM,S10,INTELHD510,1,199.99,1
88,Acer,CPU3359,14,R1,OS2,16GB RAM,S12,INTELIRISXE,3,749.99,1
89,ASUS,CPU3324,15.6,R1,OS2,16GB RAM,S12,INTELIRISXE,3,482.49,1
90,ASUS,CPU3359,14,R1,OS2,16GB RAM,S12,INTELIRISXE,2,785.49,1
91,MSI,CPU3324,14,R1,OS2,16GB RAM,S12,INTELIRISXE,8,630.99,1
92,Lenovo,CPU3455,17.3,R1,OS2,16GB RAM,S12,DEDICATEDGEFORCEGTX1660TI6GB,2,918.49,1
93,Honor,CPU3582,16.1,R1,OS2,16GB RAM,S12,AMDRADEON,4,562.49,1
94,ASUS,CPU3107,13.3,R1,OS1,8GB RAM,S12,INTELUHD,1,581.49,1
95,ASUS,CPU3107,15.6,R1,OS2,8GB RAM,S12,INTELUHD,2,356.49,1
96,MSI,CPU3324,15.6,R1,OS2,8GB RAM,S12,INTELXE,7,419.99,1
97,ASUS,CPU3142,15.6,R1,OS2,8GB RAM,S12,NVIDIAGEFORCEGTX16504GB,2,472.99,1
98,MSI,CPU3845,15.6,R1,OS2,8GB RAM,S12,NVIDIAGEFORCERTX3050TI4GB,3,623.49,1
99,Medion,CPU3850,17.3,R1,OS4,16GB RAM,S12,NVIDIAGEFORCERTX30606GB,3,825.49,1
100,Lenovo,CPU3850,15.6,R8,OS2,32GB RAM,S12,NVIDIAGEFORCERTX30606GB,3,1310.99,1
101,Lenovo,CPU3850,15.6,R7,OS2,16GB RAM,S12,NVIDIAGEFORCERTX30606GB,3,1147.49,1
102,AORUS,CPU3845,17.3,R1,OS2,16GB RAM,S12,NVIDIAGEFORCERTX30606GB,3,1137.49,1
103,ASUS,CPU3324,14,R1,OS2,8GB RAM,S12,INTELXE,4,426.49,1
104,Acer,CPU3107,15.6,R1,OS2,8GB RAM,S12,INTELUHD,4,376.49,1
105,Lenovo,CPU3359,15.6,R1,OS5,16GB RAM,S12,INTELIRISXE,6,728.99,1
106,Lenovo,CPU3359,14,R1,OS2,16GB RAM,S12,INTELIRISXE,6,721.49,1
107,ASUS,CPU3324,15.6,R1,OS1,8GB RAM,S12,INTELIRISXE,1,465.99,1
108,ASUS,CPU3324,15.6,R1,OS2,8GB RAM,S12,INTELIRISXE,1,417.99,1
109,Lenovo,CPU2417,14,R1,OS1,16GB RAM,S12,INTELUHD620,1,497.99,1
110,Lenovo,CPU3738,14,R1,OS5,16GB RAM,S12,AMDRADEON,1,914.99,1
111,Lenovo,CPU3359,15.6,R1,OS2,16GB RAM,S12,NVIDIAGEFORCEMX4502GB,6,799.99,1
112,Lenovo,CPU3324,15.6,R1,OS1,16GB RAM,S12,NVIDIAT5004GB,6,990.49,1
113,Dynabook,CPU1477,11.6,R3,OS1,4GB RAM,S13,INTELUHD600,1,179.49,1
114,Lenovo,CPU1477,11.6,R3,OS6,4GB RAM,S13,INTELUHD600,4,255.99,1
115,Venturer,CPU1360,14,R1,OS7,4GB RAM,S13,INTELUHD600,2,148.99,1
116,ASUS,CPU2186,14,R1,OS6,8GB RAM,S13,INTELUHD615,1,386.99,1
117,Lenovo,CPU2004,11.6,R3,OS3,4GB RAM,S13,AMDRADEON,2,127.99,1
118,Lenovo,CPU1477,11.6,R3,OS3,4GB RAM,S13,INTELHD,2,124.99,1
119,ASUS,CPU1477,14,R3,OS7,4GB RAM,S13,INTELHD,2,124.49,1
120,Lenovo,CPU2746,10.1,R13,OS5,4GB RAM,S2,QUALCOMMADRENO,1,342.49,0
121,Lenovo,CPU2854,15.6,R8,OS6,16GB RAM,S2,INTELUHD,3,599.97,0
122,Geo,CPU1477,10.1,R13,OS8,4GB RAM,S2,0,4,289.99,0
123,Geo,CPU1477,10.1,R13,OS8,4GB RAM,S2,0,4,299.99,0
124,Geo,CPU2095,12.2,R5,OS8,4GB RAM,S2,0,4,379.99,0
125,Samsung,CPU2746,14,R1,OS1,4GB RAM,S2,QUALCOMMADRENO,1,397.49,0
126,Acer,CPU2224,14,R1,OS7,4GB RAM,S2,INTELUHD615,3,279.99,0
127,Acer,CPU2224,14,R1,OS7,4GB RAM,S2,INTELUHD615,3,279.99,0
128,Lenovo,CPU2491,14,R1,OS3,4GB RAM,S2,AMDRADEON,2,199.97,0
129,Lenovo,CPU3102,15.6,R1,OS3,4GB RAM,S2,AMDRADEON,7,349.97,0
130,ASUS,CPU2491,14,R1,OS2,4GB RAM,S2,AMDRADEON,2,239.99,0
131,Lenovo,CPU1833,14,R1,OS3,4GB RAM,S2,INTELUHD,9,199.99,0
132,Lenovo,CPU2900,15.6,R1,OS3,4GB RAM,S2,INTELUHD,3,299.97,0
133,ASUS,CPU2900,14,R1,OS3,4GB RAM,S2,INTELUHD,3,329.99,0
134,Lenovo,CPU1957,17.3,R4,OS3,4GB RAM,S2,INTELUHD,7,299.97,0
135,Lenovo,CPU2701,15.6,R1,OS3,4GB RAM,S2,INTELUHD,2,429.99,0
136,HP,CPU3303,14,R1,OS3,8GB RAM,S2,INTELUHD,4,529.99,0
137,HP,CPU2739,14,R1,OS3,4GB RAM,S2,INTELUHD,4,399.99,0
138,Lenovo,CPU2900,14,R1,OS3,4GB RAM,S2,INTELUHD,3,429.99,0
139,Lenovo,CPU2900,14,R1,OS3,4GB RAM,S2,INTELUHD,2,299.97,0
140,HP,CPU2739,17.3,R1,OS3,4GB RAM,S2,INTELUHD,4,359.99,0
141,Lenovo,CPU2900,14,R1,OS3,4GB RAM,S2,INTELUHD,3,429.99,0
143,Geo,CPU1831,13.3,R1,OS3,4GB RAM,S2,INTELHD505,4,329.99,0
144,Geo,CPU1831,13.3,R1,OS8,4GB RAM,S2,INTELHD505,4,339.99,0
146,Geo,CPU1477,14.1,R1,OS8,4GB RAM,S2,INTELUHD600,4,329.99,0
147,Geo,CPU1477,14.1,R1,OS8,4GB RAM,S2,INTELUHD600,4,289.99,0
148,Lenovo,CPU2024,11.6,R3,OS1,8GB RAM,S2,INTELUHD600,1,326.99,0
149,Dynabook,CPU554,14,0,OS1,4GB RAM,S2,INTELUHD620,1,224.99,0
150,Acer,CPU2746,13.3,R1,OS6,8GB RAM,S2,QUALCOMMADRENO618,1,525.49,0
151,Lenovo,CPU2024,11.6,R3,OS1,4GB RAM,S2,INTELUHD600,1,391.99,0
152,Lenovo,CPU2722,13.3,R1,OS6,8GB RAM,S2,AMDRADEON,1,644.99,0
153,Lenovo,CPU2106,11.6,R3,OS8,4GB RAM,S2,AMDRADEON,1,376.99,0
154,Lenovo,CPU2106,14,R1,OS1,4GB RAM,S2,AMDRADEON,1,393.99,0
155,Lenovo,CPU2106,11.6,R3,OS5,4GB RAM,S2,AMDRADEON,1,375.99,0
156,Lenovo,CPU2221,15.6,R1,OS2,4GB RAM,S2,AMDRADEON,2,323.79,0
157,Avita,CPU3033,14,R1,OS2,8GB RAM,S2,AMDRADEONVEGA,2,490.00,0
158,Geo,CPU2490,14.1,R1,OS3,4GB RAM,S2,INTELUHD,4,371.48,0
159,Acer,CPU1730,14,R1,OS3,4GB RAM,S2,INTELUHD,7,299.99,0
160,Acer,CPU2224,14,R1,OS8,4GB RAM,S2,INTELUHD,3,429.99,0
161,Acer,CPU2224,14,R1,OS3,4GB RAM,S2,INTELUHD,3,429.99,0
162,ASUS,CPU2900,15.6,R1,OS6,8GB RAM,S2,INTELUHD,1,642.99,0
163,Acer,CPU1730,14,R1,OS3,4GB RAM,S2,INTELUHD,7,299.99,0
164,Acer,CPU2701,15.6,R1,OS2,4GB RAM,S2,INTELUHD,2,379.49,0
165,Acer,CPU2490,13.5,0,OS6,8GB RAM,S2,INTELUHD,1,626.99,0
166,Dynabook,CPU1380,14,R1,OS1,4GB RAM,S2,INTELUHD,1,149.99,0
167,HP,CPU899,11.6,R3,OS6,4GB RAM,S3,AMDRADEONR4,1,342.49,0
168,HP,CPU1477,11.6,R3,OS6,4GB RAM,S3,INTELUHD600,1,104.99,0
169,Apple,CPU3605,13.6,0,OS9,16GB RAM,S5,APPLEM28CORE,1,1789.00,0
170,Apple,CPU3605,13.6,0,OS9,16GB RAM,S12,APPLEM28CORE,1,1589.00,0
171,Apple,CPU3696,14,0,OS9,16GB RAM,S12,APPLEM1PRO14CORE,1,1751.49,0
172,HP,CPU3845,17.3,0,OS1,16GB RAM,S12,NVIDIARTXA30006GB,6,2511.99,0
173,Dell,CPU2929,15.6,R3,OS5,8GB RAM,S5,INTELUHD,1,696.49,0
174,ASUS,CPU3908,15.6,R1,OS5,16GB RAM,S5,AMDRADEONRX6800M12GB,1,1499.97,0
175,ASUS,CPU3908,15.6,R5,OS5,16GB RAM,S5,AMDRADEONRX6800M12GB,1,1899.99,0
176,ASUS,CPU3930,14,R13,OS5,16GB RAM,S5,AMDRADEONRX6800S8GB,1,1799.97,0
177,ASUS,CPU3850,15.6,R1,OS5,16GB RAM,S5,AMDRADEON,1,899.99,0
178,ASUS,CPU3850,15.6,R1,OS5,16GB RAM,S5,AMDRADEON,1,929.99,0
179,Acer,CPU3393,15.6,R1,OS5,8GB RAM,S5,AMDRADEONVEGA,1,659.99,0
180,ASUS,CPU3359,14,R12,OS5,16GB RAM,S5,INTELXE,1,1045.66,0
181,ASUS,CPU3439,15.6,R1,OS5,16GB RAM,S5,INTELXE,1,899.99,0
182,Acer,CPU3439,16.1,R1,OS5,8GB RAM,S5,INTELXE,1,899.99,0
183,Razer,CPU3920,17.3,R7,OS5,16GB RAM,S5,NVIDAIGEFORCERTX30606GB,1,2699.99,0
184,ASUS,CPU3439,16,R8,OS5,16GB RAM,S5,NVIDIAGEFORCERTX30504GB,1,1329.99,0
185,ASUS,CPU3908,15.6,R1,OS5,16GB RAM,S5,NVIDIAGEFORCERTX30504GB,1,1101.10,0
186,ASUS,CPU3908,16,R8,OS5,32GB RAM,S5,NVIDIAGEFORCERTX3050TI4GB,1,1539.99,0
187,ASUS,CPU4037,13.4,R13,OS5,16GB RAM,S5,NVIDIAGEFORCERTX3050TI4GB,1,2023.18,0
188,ASUS,CPU4037,13.4,R9,OS5,16GB RAM,S5,NVIDIAGEFORCERTX3050TI4GB,1,3003.40,0
189,ASUS,CPU3873,14,R7,OS5,16GB RAM,S5,NVIDIAGEFORCERTX3050TI4GB,1,1689.99,0
190,ASUS,CPU3855,13.4,R1,OS5,32GB RAM,S5,NVIDIAGEFORCERTX3050TI4GB+RTX3080DOCK,1,2679.46,0
191,Medion,CPU3850,15.6,R1,OS5,16GB RAM,S5,NVIDIAGEFORCERTX30606GB,1,939.99,0
192,Acer,CPU3439,14,R1,OS5,16GB RAM,S5,NVIDIAGEFORCERTX30606GB,1,1369.52,0
193,ASUS,CPU3908,15.6,R1,OS5,16GB RAM,S5,NVIDIAGEFORCERTX30606GB,1,1340.72,0
194,MSI,CPU4005,15.6,R5,OS5,16GB RAM,S5,NVIDIAGEFORCERTX30606GB,1,1229.99,0
195,ASUS,CPU3915,15.6,R7,OS5,16GB RAM,S5,NVIDIAGEFORCERTX30606GB,1,1189.99,0
196,Razer,CPU3845,17.3,R1,OS5,16GB RAM,S5,NVIDIAGEFORCERTX30606GB,1,2589.99,0
197,Medion,CPU3850,15.6,R1,OS5,16GB RAM,S5,NVIDIAGEFORCERTX30606GB,1,939.99,0
198,ASUS,CPU3908,15.6,R7,OS5,16GB RAM,S5,NVIDIAGEFORCERTX30606GB,1,1589.99,0
199,Chillblast,CPU4005,16,R13,OS5,16GB RAM,S5,NVIDIAGEFORCERTX30606GB,1,1649.99,0
200,MSI,CPU4005,17.3,R1,OS5,16GB RAM,S5,NVIDIAGEFORCERTX30606GB,1,1559.99,0
201,Chillblast,CPU4005,16,R1,OS5,32GB RAM,S5,NVIDIAGEFORCERTX30606GB,1,1749.99,0
202,Razer,CPU3845,17.3,R5,OS5,16GB RAM,S5,NVIDIAGEFORCERTX30606GB,1,2249.99,0
203,Acer,CPU4005,15.6,R1,OS5,16GB RAM,S5,NVIDIAGEFORCERTX30606GB,1,1399.97,0
204,AORUS,CPU4005,15.6,R1,OS5,16GB RAM,S5,NVIDIAGEFORCERTX30606GB,1,1654.42,0
205,MSI,CPU4005,15.6,R1,OS5,16GB RAM,S5,NVIDIAGEFORCERTX30606GB,1,1579.99,0
206,MSI,CPU4005,17.3,R1,OS5,16GB RAM,S5,NVIDIAGEFORCERTX30606GB,1,1759.99,0
207,HP,CPU3845,16.1,R5,OS5,16GB RAM,S5,0,1,1399.99,0
208,Razer,CPU3920,15.6,R7,OS5,16GB RAM,S5,0,1,2746.96,0
209,Razer,CPU3845,15.6,R1,OS5,16GB RAM,S5,0,1,2689.99,0
210,MSI,CPU4037,17.3,R1,OS5,16GB RAM,S5,0,1,1829.99,0
211,ASUS,CPU3908,15.6,R1,OS5,32GB RAM,S5,0,1,2449.99,0
212,Acer,CPU4005,15.6,R5,OS5,16GB RAM,S5,0,1,1599.97,0
213,AORUS,CPU4005,15.6,R1,OS5,16GB RAM,S5,0,1,1664.21,0
214,ASUS,CPU3913,15.6,R1,OS5,32GB RAM,S5,0,1,2259.99,0
215,MSI,CPU4005,15.6,R5,OS5,16GB RAM,S5,0,1,1579.99,0
216,Gigabyte,CPU3845,17.3,R8,OS5,32GB RAM,S5,0,1,2939.99,0
217,Razer,CPU3845,17.3,R1,OS5,16GB RAM,S5,0,1,2559.99,0
218,Lenovo,CPU3915,15.6,R7,OS5,32GB RAM,S5,0,1,1699.97,0
219,Chillblast,CPU4005,16,R13,OS5,16GB RAM,S5,0,1,1949.99,0
220,Medion,CPU2796,17.3,R5,OS5,16GB RAM,S5,0,1,1769.99,0
221,MSI,CPU4005,17.3,R5,OS5,32GB RAM,S5,0,1,2559.99,0
222,ASUS,CPU3944,15.6,R7,OS5,16GB RAM,S5,0,1,1959.99,0
223,Razer,CPU3951,14,R5,OS5,16GB RAM,S5,0,1,2649.99,0
224,Razer,CPU3920,17.3,R7,OS5,16GB RAM,S5,0,1,3499.81,0
225,Acer,CPU4005,15.6,R1,OS5,16GB RAM,S5,0,1,1799.97,0
226,Razer,CPU3920,15.6,R7,OS5,16GB RAM,S5,0,1,3286.19,0
227,Chillblast,CPU4005,16,R1,OS5,32GB RAM,S5,0,1,2099.99,0
228,Acer,CPU4005,15.6,R7,OS5,16GB RAM,S5,0,1,1999.99,0
229,Chillblast,CPU4005,16,R5,OS5,16GB RAM,S5,0,1,1799.99,0
230,MSI,CPU4005,15.6,R7,OS5,32GB RAM,S5,0,1,2299.97,0
231,MSI,CPU4005,15.6,R5,OS5,16GB RAM,S5,0,1,1899.97,0
232,Razer,CPU3920,17.3,R1,OS5,16GB RAM,S5,0,1,2699.97,0
233,AORUS,CPU4005,15.6,R5,OS5,16GB RAM,S5,0,1,2223.98,0
234,Razer,CPU3920,15.6,R1,OS5,16GB RAM,S5,0,1,3286.19,0
235,Chillblast,CPU4005,16,R13,OS5,16GB RAM,S5,0,1,2349.99,0
236,Razer,CPU3845,17.3,R1,OS5,32GB RAM,S5,0,1,3259.99,0
237,MSI,CPU4005,15.6,R7,OS5,16GB RAM,S5,0,1,2459.99,0
238,MSI,CPU4005,17.3,R1,OS5,16GB RAM,S5,0,1,2199.99,0
239,ASUS,CPU3930,15.6,R5,OS5,16GB RAM,S5,0,1,2329.99,0
240,Gigabyte,CPU3845,15.6,R8,OS5,16GB RAM,S5,0,1,3269.99,0
241,Acer,CPU4005,15.6,R5,OS5,16GB RAM,S5,0,1,1999.97,0
242,Razer,CPU3920,17.3,R1,OS5,32GB RAM,S5,0,1,3499.97,0
243,Razer,CPU3920,15.6,R1,OS5,32GB RAM,S5,0,1,4130.60,0
244,Razer,CPU3951,14,R5,OS5,16GB RAM,S5,0,1,3815.21,0
245,Medion,CPU4005,17.3,R5,OS5,32GB RAM,S5,0,1,2449.99,0
246,Razer,CPU3920,15.6,R7,OS5,32GB RAM,S5,0,1,3499.97,0
247,AORUS,CPU4005,17.3,R1,OS5,16GB RAM,S5,0,1,3113.05,0
248,Lenovo,CPU3919,16,R15,OS5,32GB RAM,S5,0,1,2437.49,0
249,Apple,CPU3696,14,0,OS9,16GB RAM,S5,0,1,2210.49,0
250,Apple,CPU3696,16,0,OS9,16GB RAM,S5,0,1,2393.99,0
251,Apple,CPU3696,16,0,OS9,16GB RAM,S5,0,1,2393.99,0
252,Apple,CPU3696,14,0,OS9,16GB RAM,S5,0,1,2249.00,0
253,Apple,CPU3882,16,0,OS9,32GB RAM,S5,0,1,3036.49,0
254,Apple,CPU3882,16,0,OS9,32Gb RAM,S5,0,1,3036.49,0
255,Apple,CPU3575,13,0,OS9,8GB Ram,S5,0,1,1389.00,0
256,Apple,CPU3575,13,0,OS9,16GB RAM,S5,0,1,1589.00,0
257,Lenovo,CPU3908,16,R11,OS5,32GB RAM,S5,0,1,1736.49,0
258,HP,CPU3845,15.6,R1,OS5,32GB RAM,S5,0,1,2620.99,0
259,Lenovo,CPU3845,15.6,R8,OS5,32GB RAM,S5,0,1,2887.99,0
260,Lenovo,CPU3841,16,R11,OS5,32GB RAM,S5,0,1,2142.99,0
261,Lenovo,CPU3845,15.6,R8,OS5,32GB RAM,S5,0,1,3493.99,0
262,Lenovo,CPU3885,16,R15,OS5,32GB RAM,S5,0,1,2934.99,0
263,Dell,CPU3920,14,R13,OS5,32GB RAM,S5,0,1,3071.99,0
264,Lenovo,CPU3885,15.6,R1,OS5,32GB RAM,S5,0,1,2780.49,0
265,Dell,CPU4037,15.6,R15,OS5,32GB RAM,S5,0,1,4055.49,0
266,Dell,CPU4037,17,R9,OS5,32GB RAM,S5,0,1,5034.49,0
267,Lenovo,CPU3841,16,R11,OS5,32GB RAM,S5,0,1,2293.99,0
268,Lenovo,CPU3885,15.6,R1,OS5,32GB RAM,S5,0,1,3817.49,0
269,HP,CPU3359,14,R1,OS5,16GB RAM,S5,0,1,2134.49,0
270,HP,CPU3359,15.6,R1,OS5,32GB RAM,S5,0,1,1645.99,0
271,Lenovo,CPU3845,15.6,R1,OS5,32GB RAM,S5,0,1,2258.99,0
272,Dell,CPU4037,14,R6,OS5,32GB RAM,S5,0,1,3779.49,0
276,Chillblast,CPU4005,14,R5,OS5,32GB RAM,S5,0,1,1429.99,0
277,Chillblast,CPU4005,14,R5,OS5,16GB RAM,S5,0,1,1369.99,0
279,Chillblast,CPU4005,16,R5,OS5,16GB RAM,S5,0,1,1549.99,0
280,Chillblast,CPU4005,16,R5,OS5,32GB RAM,S5,0,1,1879.99,0
281,Chillblast,CPU4005,16,R1,OS5,32GB RAM,S5,0,1,2449.99,0
282,Chillblast,CPU4005,16,R5,OS5,32GB RAM,S5,0,1,2499.99,0
283,Chillblast,CPU4005,16,R5,OS5,16GB RAM,S5,0,1,2399.99,0
284,Acer,CPU2224,14,R1,OS5,4GB RAM,S7,0,1,439.99,0
285,Acer,CPU2224,14,R1,OS5,4GB RAM,S7,0,1,399.99,0
286,ThinkPad,CPU2847,13,R6,OS5,8GB RAM,S7,0,1,1486.99,0
287,ThinkPad,CPU3231,13.5,R5,OS5,16GB RAM,S7,0,1,1929.99,0
288,Lenovo,CPU3393,14,R1,OS5,8GB RAM,S7,0,1,499.97,0
289,Acer,CPU2486,14,R1,OS5,4GB RAM,S7,0,1,375.79,0
290,ASUS,CPU3393,14,R1,OS5,8GB RAM,S7,0,1,569.99,0
291,ASUS,CPU2900,15.6,R1,OS5,8GB RAM,S7,0,1,399.99,0
292,ASUS,CPU2900,14,R1,OS5,8GB RAM,S7,0,1,349.99,0
293,ASUS,CPU2929,15.6,R1,OS5,8GB RAM,S7,0,1,400.40,0
294,ASUS,CPU2701,14,R1,OS5,4GB RAM,S7,0,1,429.99,0
295,ASUS,CPU2900,15.6,R1,OS5,4GB RAM,S7,0,1,489.99,0
296,HP,CPU2900,15.6,R1,OS5,8GB RAM,S7,0,1,449.99,0
297,ASUS,CPU2490,15.6,R1,OS5,8GB RAM,S7,0,1,400.42,0
298,ASUS,CPU2900,15.6,R1,OS5,8GB RAM,S7,0,1,569.99,0
299,Lenovo,CPU3324,14,R1,OS5,8GB RAM,S7,0,1,549.97,0
300,Lenovo,CPU3324,14,R1,OS5,8GB RAM,S7,0,1,629.99,0
301,Lenovo,CPU3324,14,R1,OS5,8GB RAM,S7,0,1,499.97,0
302,Lenovo,CPU3324,14,R1,OS5,8GB RAM,S7,0,1,529.99,0
303,Lenovo,CPU3582,15.6,R1,OS5,8GB RAM,S7,0,1,599.97,0
304,Acer,CPU3499,15.6,R1,OS5,8GB RAM,S7,0,1,549.97,0
305,Lenovo,CPU3328,14,R1,OS5,8GB RAM,S7,0,1,959.99,0
306,Lenovo,CPU3324,14,R1,OS5,8GB RAM,S7,0,1,789.99,0
307,Avita,CPU2471,14,R1,OS5,4GB RAM,S7,0,1,199.97,0
308,Dynabook,CPU2929,14,R3,OS5,8GB RAM,S7,0,1,339.99,0
309,Acer,CPU2900,15.6,R1,OS5,8GB RAM,S7,0,1,399.97,0
310,Acer,CPU2900,15.6,R1,OS5,8GB RAM,S7,0,1,419.97,0
311,HP,CPU3033,15.6,R1,OS5,8GB RAM,S7,0,1,479.99,0
312,HP,CPU3033,15.6,R1,OS5,8GB RAM,S7,0,1,465.99,0
313,Dynabook,CPU3324,13.3,R1,OS5,8GB RAM,S7,0,1,1030.49,0
314,Avita,CPU3033,14,R1,OS5,4GB RAM,S7,0,1,169.97,0
315,Lenovo,CPU3694,13.3,R13,OS5,8GB RAM,S7,0,1,778.99,0
316,Lenovo,CPU3674,13.3,R13,OS5,16GB RAM,S7,0,1,1751.99,0
317,Avita,CPU2471,14,R1,OS5,4GB RAM,S7,0,1,169.99,0
318,Avita,CPU2471,14,R1,OS5,4GB RAM,S7,0,1,319.99,0
319,Avita,CPU3033,14,R1,OS5,4GB RAM,S7,0,1,219.99,0
320,Avita,CPU3033,14,R1,OS5,4GB RAM,S7,0,1,299.99,0
321,Avita,CPU2471,14,R1,OS5,4GB RAM,S7,0,1,179.99,0
322,Lenovo,CPU3033,15.6,R1,OS5,8GB RAM,S7,0,1,419.99,0
323,Avita,CPU3033,14,R1,OS5,8GB RAM,S7,0,1,299.99,0
324,AVITA,CPU3033,14,R1,OS5,8GB RAM,S7,0,1,299.99,0
325,Avita,CPU2471,14,R1,OS5,4GB RAM,S7,0,1,199.99,0
326,Dell,CPU2976,15.6,R1,OS5,8GB RAM,S7,0,1,490.49,0
327,Avita,CPU2471,14,R1,OS5,4GB RAM,S7,0,1,209.99,0
328,Avita,CPU3033,14,R1,OS5,4GB RAM,S7,0,1,209.99,0
329,Avita,CPU2471,14,R1,OS5,4GB RAM,S7,0,1,209.99,0
330,ASUS,CPU3033,15.6,R1,OS5,8GB RAM,S7,0,1,466.99,0
331,Avita,CPU3033,14,R1,OS5,8GB RAM,S7,0,1,469.99,0
332,Avita,CPU3033,14,R1,OS5,8GB RAM,S7,0,1,469.99,0
333,Avita,CPU3033,14,R1,OS5,8GB RAM,S7,0,1,460.00,0
334,Apple,CPU3575,13,0,OS9,8GB RAM,S7,0,1,925.49,0
335,Apple,CPU3575,13,0,OS9,16GB RAM,S7,0,1,1179.00,0
336,Lenovo,CPU3324,15.6,R1,OS5,8GB RAM,S7,0,1,479.99,0
337,Lenovo,CPU3324,14,R1,OS5,8GB RAM,S7,0,1,499.99,0
338,Lenovo,CPU3324,15.6,R1,OS5,8GB RAM,S7,0,1,469.99,0
339,Lenovo,CPU3324,14,R1,OS5,8GB RAM,S7,0,1,392.49,0
340,Dell,CPU3324,15.6,R1,OS5,8GB RAM,S7,0,1,571.99,0
341,ASUS,CPU3324,15.6,R1,OS5,8GB RAM,S7,0,1,434.99,0
342,ASUS,CPU3324,14,R1,OS5,8GB RAM,S7,0,1,387.49,0
343,Lenovo,CPU3324,14,R1,OS5,8GB RAM,S7,0,1,711.99,0
344,Lenovo,CPU3324,13.3,R1,OS5,8GB RAM,S7,0,1,655.99,0
345,Lenovo,CPU3324,15.6,R1,OS5,8GB RAM,S7,0,1,469.99,0
346,Acer,CPU3324,14,R1,OS5,8GB RAM,S7,0,1,578.49,0
347,Dell,CPU3328,15.6,R1,OS5,16GB RAM,S7,0,1,1003.49,0
348,Dell,CPU3324,15.6,R1,OS5,8GB RAM,S7,0,1,714.99,0
349,ASUS,CPU3324,14,R1,OS5,8GB RAM,S7,0,1,577.99,0
350,HP,CPU3324,14,R1,OS5,8GB RAM,S7,0,1,991.49,0
351,Dell,CPU3364,15.6,R1,OS5,8GB RAM,S7,0,1,717.99,0
352,Dynabook,CPU3324,14,R1,OS5,8GB RAM,S7,0,1,594.99,0
353,Dynabook,CPU3324,14,R1,OS5,8GB RAM,S7,0,1,584.99,0
354,Dell,CPU3364,14,R1,OS5,8GB RAM,S7,0,1,720.49,0
355,Fujitsu,CPU3324,15.6,R1,OS5,8GB RAM,S7,0,1,553.49,0
356,Dell,CPU3324,14,R1,OS5,8GB RAM,S7,0,1,962.49,0
357,Dynabook,CPU3359,14,R1,OS5,16GB RAM,S7,0,1,788.99,0
358,Dynabook,CPU3324,15.6,R1,OS5,8GB RAM,S7,0,1,598.99,0
359,Dell,CPU3324,15.6,R1,OS5,8GB RAM,S7,0,1,929.99,0
360,HP,CPU3328,14,R1,OS5,8GB RAM,S7,0,1,1061.49,0
361,HP,CPU3324,13.3,R1,OS5,8GB RAM,S7,0,1,1001.99,0
362,Dynabook,CPU3712,13.3,R1,OS5,8GB RAM,S7,0,1,1338.99,0
363,Dell,CPU3359,13.3,R1,OS5,8GB RAM,S7,0,1,889.49,0
364,Lenovo,CPU3324,15.6,R1,OS5,8GB RAM,S7,0,1,819.49,0
365,Lenovo,CPU3324,14,R1,OS5,8GB RAM,S7,0,1,563.99,0
366,HP,CPU3328,14,R1,OS5,8GB RAM,S7,0,1,1123.99,0
367,Lenovo,CPU3324,15.6,R1,OS5,8GB RAM,S7,0,1,1209.99,0
368,HP,CPU3328,13.3,R1,OS5,16GB RAM,S7,0,1,1190.99,0
369,Dell,CPU3359,13.3,R1,OS5,8GB RAM,S7,0,1,799.49,0
370,Lenovo,CPU3324,15.6,R1,OS5,8GB RAM,S7,0,1,718.49,0
371,Dell,CPU3359,15.6,R1,OS5,8GB RAM,S7,0,1,832.49,0
372,Dynabook,CPU3712,15.6,R1,OS5,16GB RAM,S7,0,1,894.99,0
373,Dynabook,CPU3359,14,R1,OS5,8GB RAM,S7,0,1,1028.99,0
374,Lenovo,CPU3324,13.3,R13,OS5,8GB RAM,S7,0,1,1347.49,0
375,Acer,CPU3324,15.6,R1,OS5,8GB RAM,S7,0,1,570.49,0
376,Fujitsu,CPU3324,14,R1,OS5,8GB RAM,S7,0,1,701.49,0
377,Lenovo,CPU3324,14,R13,OS5,16GB RAM,S7,0,1,1882.49,0
378,Lenovo,CPU3231,13.5,R5,OS5,16GB RAM,S7,0,1,1931.99,0
379,Lenovo,CPU3536,15.6,R1,OS5,8GB RAM,S7,0,1,838.49,0
380,Lenovo,CPU3324,14,R1,OS5,8GB RAM,S7,0,1,960.99,0
381,Acer,CPU3324,14,R1,OS5,8GB RAM,S7,0,1,688.49,0
382,Lenovo,CPU3536,13.3,R13,OS5,8GB RAM,S7,0,1,928.49,0
383,HP,CPU3324,13.3,R1,OS5,8GB RAM,S7,0,1,1588.99,0
384,Dynabook,CPU3690,14,R1,OS5,16GB RAM,S7,0,1,962.49,0
385,Acer,CPU3324,15.6,R1,OS5,8GB RAM,S7,0,1,644.99,0
386,Dell,CPU3378,13.3,R1,OS5,16GB RAM,S7,0,1,1374.49,0
387,Fujitsu,CPU3324,14,R1,OS5,8GB RAM,S7,0,1,724.99,0
388,Dynabook,CPU3712,14,R1,OS5,8GB RAM,S7,0,1,839.49,0
389,HP,CPU3324,14,R1,OS5,8GB RAM,S7,0,1,1554.49,0
390,Lenovo,CPU3324,15.6,R1,OS5,8GB RAM,S7,0,1,960.99,0
391,Lenovo,CPU3231,13,R16,OS5,16GB RAM,S7,0,1,1498.49,0
392,Fujitsu,CPU3324,15.6,R1,OS5,8GB RAM,S7,0,1,887.49,0
393,HP,CPU3324,13.3,R1,OS5,8GB RAM,S7,0,1,958.99,0
394,HP,CPU3324,13.3,R1,OS5,8GB RAM,S7,0,1,928.49,0
395,HP,CPU3328,14,R1,OS5,16GB RAM,S7,0,1,1038.99,0
396,Acer,CPU3324,14,R1,OS5,8GB RAM,S7,0,1,686.99,0
397,ASUS,CPU3324,14,R1,OS5,16GB RAM,S7,0,1,1092.99,0
398,ASUS,CPU3231,14,R1,OS5,8GB RAM,S7,0,1,675.49,0
399,Lenovo,CPU3324,15.6,R1,OS5,16GB RAM,S7,0,1,799.99,0
400,Lenovo,CPU3324,14,R1,OS5,8GB RAM,S7,0,1,667.49,0
401,Samsung,CPU3359,13.3,R1,OS5,16GB RAM,S7,0,1,1325.49,0
402,Lenovo,CPU3324,14,R1,OS5,8GB RAM,S7,0,1,1179.99,0
403,Samsung,CPU3324,15.6,R1,OS5,8GB RAM,S7,0,1,888.99,0
404,Dynabook,CPU3712,13.3,R1,OS5,16GB RAM,S7,0,1,1293.99,0
405,Samsung,CPU3324,13.3,R1,OS5,8GB RAM,S7,0,1,1190.49,0
406,Dell,CPU3328,13.3,R1,OS5,16GB RAM,S7,0,1,1229.99,0
407,Dell,CPU3328,14,R1,OS5,16GB RAM,S7,0,1,1055.99,0
408,Dynabook,CPU3324,13.3,R1,OS5,16GB RAM,S7,0,1,926.49,0
409,Dell,CPU3378,15.6,R1,OS5,16GB RAM,S7,0,1,1199.99,0
410,Dell,CPU3378,14,R1,OS5,16GB RAM,S7,0,1,1271.49,0
411,Dell,CPU3324,14,R1,OS5,8GB RAM,S7,0,1,944.49,0
412,Dell,CPU3324,13.3,R1,OS5,8GB RAM,S7,0,1,1001.99,0
413,ASUS,CPU3324,14,R1,OS5,8GB RAM,S7,0,1,747.99,0
414,ASUS,CPU3324,14,R1,OS5,8GB RAM,S7,0,1,866.99,0
415,Dell,CPU3359,14,R1,OS5,8GB RAM,S7,0,1,831.49,0
416,Lenovo,CPU3324,13.3,R13,OS5,8GB RAM,S7,0,1,1281.49,0
417,Dell,CPU3324,14,R1,OS5,8GB RAM,S7,0,1,828.49,0
418,HP,CPU3324,14,R1,OS5,8GB RAM,S7,0,1,951.99,0
419,Dell,CPU3378,14,R1,OS5,16GB RAM,S7,0,1,1414.49,0
420,Dynabook,CPU3324,15.6,R1,OS5,8GB RAM,S7,0,1,637.49,0
421,Dynabook,CPU3712,13.3,R1,OS5,8GB RAM,S7,0,1,1219.49,0
422,Dynabook,CPU3712,15.6,R1,OS5,8GB RAM,S7,0,1,849.99,0
423,Dynabook,CPU3690,15.6,R1,OS5,8GB RAM,S7,0,1,913.99,0
424,Dell,CPU3324,14,R1,OS5,8GB RAM,S7,0,1,913.99,0
425,Dell,CPU3328,14,R1,OS5,16GB RAM,S7,0,1,1228.49,0
426,Lenovo,CPU3536,14,R13,OS5,8GB RAM,S7,0,1,1315.49,0
427,Dynabook,CPU3324,13.3,R1,OS5,8GB RAM,S7,0,1,1206.49,0
428,Dynabook,CPU3712,14,R1,OS5,16GB RAM,S7,0,1,874.99,0
429,HP,CPU3324,14,R1,OS5,8GB RAM,S7,0,1,925.49,0
430,Acer,CPU3333,15.6,R1,OS5,8GB RAM,S7,0,1,695.49,0
431,Lenovo,CPU3712,14,R13,OS5,16GB RAM,S7,0,1,1414.99,0
432,Lenovo,CPU3536,13.3,R13,OS5,8GB RAM,S7,0,1,1101.99,0
433,Dynabook,CPU3359,15.6,R1,OS5,8GB RAM,S7,0,1,693.49,0
434,HP,CPU3328,14,R1,OS5,16GB RAM,S7,0,1,1719.99,0
435,Dynabook,CPU3324,13.3,R1,OS5,16GB RAM,S7,0,1,1078.49,0
436,Dynabook,CPU3712,13.3,R1,OS5,16GB RAM,S7,0,1,1113.49,0
437,Dynabook,CPU3690,13.3,R1,OS5,8GB RAM,S7,0,1,1124.49,0
438,Lenovo,CPU3712,13,R16,OS5,16GB RAM,S7,0,1,1751.99,0
439,Lenovo,CPU3536,14,R1,OS5,8GB RAM,S7,0,1,849.49,0
440,Dynabook,CPU3324,13.3,R1,OS5,8GB RAM,S7,0,1,882.99,0
441,Dynabook,CPU3359,13.3,R1,OS5,16GB RAM,S7,0,1,1030.99,0
442,HP,CPU3324,14,R1,OS5,8GB RAM,S7,0,1,1529.49,0
443,Lenovo,CPU3536,15.6,R1,OS5,8GB RAM,S7,0,1,965.99,0
444,Lenovo,CPU3536,16,R13,OS5,8GB RAM,S7,0,1,1250.99,0
445,ASUS,CPU3324,14,R1,OS5,8GB RAM,S7,0,1,579.99,0
446,Dynabook,CPU3324,15.6,R1,OS5,8GB RAM,S7,0,1,592.99,0
447,Dell,CPU3324,14,R1,OS5,8GB RAM,S7,0,1,736.99,0
448,HP,CPU3328,14,R1,OS5,16GB RAM,S7,0,1,1270.49,0
449,Lenovo,CPU3324,15.6,R1,OS5,8GB RAM,S7,0,1,668.49,0
450,Dell,CPU3324,15.6,R1,OS5,8GB RAM,S7,0,1,779.99,0
451,Lenovo,CPU3324,14,R1,OS5,8GB RAM,S7,0,1,1219.99,0
452,HP,CPU3324,14,R1,OS5,8GB RAM,S7,0,1,874.49,0
453,Lenovo,CPU3324,14,R13,OS5,16GB RAM,S7,0,1,1607.99,0
454,Dell,CPU3324,15.6,R1,OS5,8GB RAM,S7,0,1,718.49,0
455,HP,CPU3324,13.3,R1,OS5,8GB RAM,S7,0,1,795.49,0
456,Dynabook,CPU3324,14,R1,OS5,8GB RAM,S7,0,1,754.99,0
457,HP,CPU3324,14,R1,OS5,16GB RAM,S7,0,1,927.49,0
458,Dynabook,CPU3324,14,R1,OS5,8GB RAM,S7,0,1,699.49,0
459,HP,CPU3359,14,R1,OS5,8GB RAM,S7,0,1,1125.99,0
460,Dell,CPU3328,13.3,R1,OS5,16GB RAM,S7,0,1,1013.99,0
461,Dell,CPU3324,15.6,R1,OS5,8GB RAM,S7,0,1,629.99,0
462,Lenovo,CPU3324,14,R1,OS5,8GB RAM,S7,0,1,1232.99,0
463,Lenovo,CPU3324,14,R1,OS5,8GB RAM,S7,0,1,1371.49,0
464,Lenovo,CPU3324,15.6,R1,OS5,8GB RAM,S7,0,1,616.49,0
465,Lenovo,CPU3324,14,R1,OS5,8GB RAM,S7,0,1,616.49,0
466,Dell,CPU3359,14,R1,OS5,8GB RAM,S7,0,1,881.99,0
467,Dell,CPU3324,13.3,R1,OS5,8GB RAM,S7,0,1,730.99,0
468,HP,CPU3324,13,R14,OS5,8GB RAM,S7,0,1,1925.49,0
469,Acer,CPU2224,17.3,R1,OS5,4GB RAM,S7,0,1,399.99,0
470,Lenovo,CPU1477,15.6,R3,OS5,8GB RAM,S7,0,1,289.99,0
471,Lenovo,CPU2746,13.3,R13,OS5,16GB RAM,S7,0,1,1377.49,0
472,Dynabook,CPU3324,14,R1,OS5,8GB RAM,S7,0,1,836.49,0
473,Dynabook,CPU3324,13.3,R1,OS5,16GB RAM,S7,0,1,1205.49,0
474,HP,CPU3324,14,R1,OS5,8GB RAM,S7,0,1,1402.99,0
475,Dynabook,CPU3359,13.3,R1,OS5,8GB RAM,S7,0,1,828.99,0
476,Dynabook,CPU3324,13.3,R1,OS5,8GB RAM,S7,0,1,865.49,0
477,HP,CPU3324,13.3,R1,OS5,8GB RAM,S7,0,1,1405.49,0
478,Dell,CPU3328,15.6,R1,OS5,16GB RAM,S7,0,1,1107.49,0
479,Lenovo,CPU3324,13.3,R11,OS5,8GB RAM,S7,0,1,1348.18,0
480,Dell,CPU3324,14,R1,OS5,8GB RAM,S7,0,1,1135.49,0
481,Lenovo,CPU3324,14,R2,OS5,8GB RAM,S7,0,1,1591.49,0
482,Dynabook,CPU3324,14,R1,OS5,8GB RAM,S7,0,1,827.49,0
483,Dynabook,CPU3359,15.6,R1,OS5,8GB RAM,S7,0,1,765.49,0
484,Dell,CPU3328,14,R1,OS5,16GB RAM,S7,0,1,1112.99,0
485,Dell,CPU3324,14,R1,OS5,8GB RAM,S7,0,1,776.49,0
486,Dell,CPU3324,13.3,R1,OS5,8GB RAM,S7,0,1,1165.49,0
487,Lenovo,CPU3324,14,R2,OS5,16GB RAM,S7,0,1,1826.99,0
488,Lenovo,CPU3324,13.3,R1,OS5,8GB RAM,S7,0,1,983.99,0
489,Lenovo,CPU3499,15.6,R1,OS5,8GB RAM,S7,0,1,581.99,0
490,Lenovo,CPU2486,15.6,R1,OS5,8GB RAM,S7,0,1,369.99,0
491,Lenovo,CPU3641,15.6,R1,OS5,8GB RAM,S7,0,1,469.99,0
492,Lenovo,CPU3499,15.6,R1,OS5,8GB RAM,S7,0,1,561.49,0
493,Lenovo,CPU3584,14,R1,OS5,8GB RAM,S7,0,1,797.49,0
494,Acer,CPU3608,15.6,R1,OS5,8GB RAM,S7,0,1,493.49,0
495,Lenovo,CPU3499,14,R1,OS5,8GB RAM,S7,0,1,786.99,0
496,Lenovo,CPU3499,15.6,R1,OS5,8GB RAM,S7,0,1,748.99,0
497,Lenovo,CPU3393,14,R1,OS5,8GB RAM,S7,0,1,736.99,0
498,Lenovo,CPU3393,14,R1,OS5,8GB RAM,S7,0,1,602.49,0
499,Lenovo,CPU3499,15.6,R1,OS5,8GB RAM,S7,0,1,512.99,0
500,Lenovo,CPU3499,15.6,R1,OS5,8GB RAM,S7,0,1,469.99,0
501,HP,CPU3622,15.6,R1,OS5,8GB RAM,S7,0,1,848.99,0
502,HP,CPU3622,13.3,R1,OS5,8GB RAM,S7,0,1,979.49,0
503,HP,CPU3622,14,R1,OS5,8GB RAM,S7,0,1,915.99,0
504,Lenovo,CPU3478,14,R1,OS5,8GB RAM,S7,0,1,936.49,0
505,Lenovo,CPU3314,15.6,R1,OS5,8GB RAM,S7,0,1,694.49,0
506,Lenovo,CPU3478,15.6,R1,OS5,8GB RAM,S7,0,1,750.99,0
507,Lenovo,CPU3499,15.6,R1,OS5,8GB RAM,S7,0,1,655.49,0
508,Dynabook,CPU3622,15.6,R1,OS5,8GB RAM,S7,0,1,497.99,0
509,Dynabook,CPU3622,15.6,R1,OS5,8GB RAM,S7,0,1,546.99,0
510,HP,CPU3608,13.3,R1,OS5,16GB RAM,S7,0,1,1566.99,0
511,Lenovo,CPU3478,15.6,R1,OS5,8GB RAM,S7,0,1,786.99,0
512,Lenovo,CPU3499,14,R1,OS5,8GB RAM,S7,0,1,626.99,0
513,HP,CPU2486,15.6,R1,OS5,8GB RAM,S7,0,1,524.99,0
514,Lenovo,CPU3499,15.6,R1,OS5,8GB RAM,S7,0,1,590.99,0
515,Lenovo,CPU3499,15.6,R1,OS5,8GB RAM,S7,0,1,529.49,0
516,Lenovo,CPU3641,14,R1,OS5,8GB RAM,S7,0,1,658.49,0
517,Lenovo,CPU3584,15.6,R1,OS5,8GB RAM,S7,0,1,753.99,0
518,Lenovo,CPU3641,15.6,R1,OS5,8GB RAM,S7,0,1,657.99,0
519,Lenovo,CPU3608,13.3,R1,OS5,8GB RAM,S7,0,1,796.49,0
520,Lenovo,CPU3478,13.3,R1,OS5,8GB RAM,S7,0,1,1070.99,0
521,HP,CPU3620,13.3,R1,OS5,8GB RAM,S7,0,1,1118.49,0
522,Lenovo,CPU3478,15.6,R1,OS5,8GB RAM,S7,0,1,749.99,0
523,Lenovo,CPU3393,15.6,R1,OS5,8GB RAM,S7,0,1,669.49,0
524,Lenovo,CPU3608,13.3,R1,OS5,8GB RAM,S7,0,1,1147.99,0
525,Lenovo,CPU3584,15.6,R1,OS5,8GB RAM,S7,0,1,797.49,0
526,Lenovo,CPU3511,13.3,R13,OS5,8GB RAM,S7,0,1,927.49,0
527,Lenovo,CPU3511,13.3,R13,OS5,8GB RAM,S7,0,1,1053.49,0
528,Lenovo,CPU3584,13.3,R13,OS5,8GB RAM,S7,0,1,793.49,0
529,Lenovo,CPU3478,13.3,R1,OS5,8GB RAM,S7,0,1,861.49,0
530,Lenovo,CPU3499,15.6,R1,OS5,8GB RAM,S7,0,1,685.49,0
531,Lenovo,CPU2486,14,R1,OS5,8GB RAM,S7,0,1,452.99,0
532,Dell,CPU3499,15.6,R1,OS5,8GB RAM,S7,0,1,634.99,0
533,Lenovo,CPU2004,14,R3,OS5,8GB RAM,S7,0,1,370.49,0
534,Lenovo,CPU2004,15.6,R3,OS5,4GB RAM,S7,0,1,277.49,0
535,Lenovo,CPU3499,14,R1,OS5,8GB RAM,S7,0,1,591.99,0
536,Avita,CPU3033,14,R1,OS5,8GB RAM,S7,0,1,499.99,0
537,Medion,CPU3393,14,R1,OS5,8GB RAM,S7,0,1,399.99,0
538,Avita,CPU3033,14,R1,OS5,8GB RAM,S7,0,1,499.99,0
539,Geo,CPU2929,14.1,R1,OS5,8GB RAM,S7,0,1,359.99,0
540,Acer,CPU3107,15.6,R1,OS5,8GB RAM,S7,0,1,399.97,0
541,Lenovo,CPU3107,14,R1,OS5,8GB RAM,S7,0,1,389.99,0
542,Acer,CPU2929,15.6,R1,OS5,8GB RAM,S7,0,1,499.99,0
543,HP,CPU3324,15.6,R1,OS5,8GB RAM,S7,0,1,535.99,0
544,HP,CPU3107,15.6,R1,OS5,8GB RAM,S7,0,1,419.99,0
545,HP,CPU3107,14,R1,OS5,8GB RAM,S7,0,1,419.99,0
546,Dell,CPU2900,15.6,R1,OS5,8GB RAM,S7,0,1,561.49,0
547,Geo,CPU2490,14.1,R1,OS5,8GB RAM,S7,0,1,299.99,0
548,Acer,CPU2929,14,R1,OS5,8GB RAM,S7,0,1,383.99,0
549,Lenovo,CPU3536,14,R1,OS5,8GB RAM,S7,0,1,755.99,0
550,ASUS,CPU2929,14,R1,OS5,8GB RAM,S7,0,1,625.49,0
551,ASUS,CPU2900,14,R1,OS5,8GB RAM,S7,0,1,369.49,0
552,Dell,CPU2900,15.6,R1,OS5,8GB RAM,S7,0,1,479.99,0
553,Dell,CPU2900,15.6,R1,OS5,8GB RAM,S7,0,1,514.99,0
554,FUJITSU,CPU2701,15.6,R1,OS5,8GB RAM,S7,0,1,429.99,0
555,HP,CPU2701,15.6,R1,OS5,8GB RAM,S7,0,1,612.99,0
556,HP,CPU3324,13.3,R1,OS5,8GB RAM,S7,0,1,2206.99,0
557,ASUS,CPU2900,14,R1,OS5,8GB RAM,S7,0,1,455.99,0
558,Lenovo,CPU3536,14,R1,OS5,8GB RAM,S7,0,1,946.99,0
559,Fujitsu,CPU3324,15.6,R1,OS5,8GB RAM,S7,0,1,701.49,0
560,Dell,CPU2900,14,R1,OS5,8GB RAM,S7,0,1,555.99,0
561,ASUS,CPU2900,15.6,R1,OS5,8GB RAM,S7,0,1,438.49,0
562,Dynabook,CPU2825,15.6,R1,OS5,8GB RAM,S7,0,1,510.99,0
563,Dynabook,CPU2825,15.6,R1,OS5,8GB RAM,S7,0,1,500.49,0
564,HP,CPU3107,14,R1,OS5,8GB RAM,S7,0,1,379.99,0
565,Dell,CPU3303,13.3,R1,OS5,8GB RAM,S7,0,1,552.99,0
566,Lenovo,CPU3536,15.6,R1,OS5,8GB RAM,S7,0,1,761.49,0
567,Lenovo,CPU3536,14,R1,OS5,8GB RAM,S7,0,1,848.99,0
568,Dynabook,CPU2900,14,R1,OS5,8GB RAM,S7,0,1,487.99,0
569,Dell,CPU2825,15.6,R1,OS5,8GB RAM,S7,0,1,508.49,0
570,HP,CPU3359,15.6,R1,OS5,8GB RAM,S7,0,1,679.49,0
571,Acer,CPU2900,15.6,R1,OS5,8GB RAM,S7,0,1,467.99,0
572,Lenovo,CPU2929,13.3,R1,OS5,8GB RAM,S7,0,1,1270.49,0
573,Dynabook,CPU3205,15.6,R1,OS5,8GB RAM,S7,0,1,666.49,0
574,Lenovo,CPU2929,15.6,R1,OS5,8GB RAM,S7,0,1,626.49,0
575,Lenovo,CPU2929,15.6,R1,OS5,8GB RAM,S7,0,1,970.49,0
576,Dynabook,CPU3107,15.6,R1,OS5,8GB RAM,S7,0,1,530.49,0
577,Fujitsu,CPU2900,15.6,R1,OS5,8GB RAM,S7,0,1,450.49,0
578,Dynabook,CPU2490,14,R1,OS5,8GB RAM,S7,0,1,299.99,0
579,Dynabook,CPU2701,14,R1,OS5,8GB RAM,S7,0,1,340.49,0
580,Dynabook,CPU3107,14,R1,OS5,8GB RAM,S7,0,1,464.99,0
581,Dell,CPU3359,15.6,R1,OS5,16GB RAM,S7,0,1,1577.99,0
582,Acer,CPU3324,14,R1,OS5,8GB RAM,S7,0,1,839.49,0
583,Dell,CPU3122,15.6,R1,OS5,8GB RAM,S7,0,1,859.99,0
584,Chillblast,CPU4005,16,R13,OS5,16GB RAM,S8,0,1,1699.99,0
585,Chillblast,CPU4005,16,R13,OS5,32GB RAM,S8,0,1,1829.99,0
586,Chillblast,CPU4005,16,R13,OS5,16GB RAM,S8,0,1,1999.99,0
587,Chillblast,CPU4005,16,R1,OS5,32GB RAM,S8,0,1,2149.99,0
588,ASUS,CPU4037,17.3,R5,OS5,32GB RAM,S8,0,1,2499.97,0
589,MSI,CPU4037,17.3,R8,OS5,32GB RAM,S8,0,1,3139.99,0
590,Gigabyte,CPU4005,17.3,R8,OS5,16GB RAM,S8,0,1,3034.74,0
591,Chillblast,CPU4005,16,R1,OS5,16GB RAM,S8,0,1,2399.99,0
592,Chillblast,CPU4005,16,R13,OS5,32GB RAM,S8,0,1,2499.99,0
593,Acer,CPU3845,16,R11,OS5,32GB RAM,S8,0,1,1999.97,0
594,MSI,CPU4037,17.3,R1,OS5,32GB RAM,S8,0,1,3239.99,0
595,ASUS,CPU4037,16,R7,OS5,32GB RAM,S8,0,1,3299.97,0
596,MSI,CPU4037,17.3,R8,OS5,32GB RAM,S8,0,1,3649.99,0
597,Chillblast,CPU4005,16,R5,OS5,32GB RAM,S8,0,1,2599.99,0
599,Lenovo,CPU3752,17.3,R8,OS5,32GB RAM,S8,0,1,5691.99,0
600,Lenovo,CPU3752,15.6,R8,OS5,64GB RAM,S8,0,1,5987.49,0
602,Chillblast,CPU4005,14,R5,OS5,32GB RAM,S8,0,1,1499.99,0
603,Chillblast,CPU4005,16,R5,OS5,16GB RAM,S8,0,1,1629.99,0
605,Chillblast,CPU4005,16,R5,OS5,32GB RAM,S8,0,1,1949.99,0
606,Chillblast,CPU4005,16,R5,OS5,16GB RAM,S8,0,1,1899.99,0
607,Chillblast,CPU4005,16,R5,OS5,16GB RAM,S8,0,1,2499.99,0
608,HP,CPU1687,11.6,R3,OS5,4GB RAM,S9,0,1,299.99,0
609,Lenovo,CPU899,11.6,R3,OS5,4GB RAM,S9,0,1,271.99,0
610,HP,CPU1687,11.6,R3,OS5,4GB RAM,S9,0,1,233.49,0
611,HP,CPU1687,11.6,R3,OS5,4GB RAM,S9,0,1,237.49,0
612,ASUS,CPU1128,14,R1,OS5,8GB RAM,S9,0,1,319.99,0
613,ASUS,CPU1477,11.6,R3,OS5,4GB RAM,S9,0,1,173.49,0
614,Acer,CPU1687,11.6,R3,OS5,4GB RAM,S9,0,1,232.99,0
615,Lenovo,CPU1808,11.6,0,OS5,4GB RAM,S9,0,1,309.99,0
616,Lenovo,CPU1808,11.6,R3,OS5,4GB RAM,S9,0,1,236.99,0
617,HP,CPU899,11.6,R3,OS5,4GB RAM,S9,0,1,325.49,0
618,Lenovo,CPU899,11.6,R3,OS5,4GB RAM,S9,0,1,240.99,0
619,ASUS,CPU1477,11.6,R3,OS5,4GB RAM,S9,0,1,252.49,0
620,Acer,CPU1477,14,R3,OS5,4GB RAM,S9,0,1,217.49,0
621,Samsung,CPU1360,11.6,R3,OS5,4GB RAM,S9,0,1,265.49,0
622,Acer,CPU1477,11.6,R3,OS5,4GB RAM,S9,0,1,300.49,0
623,HP,CPU1477,14,R3,OS5,4GB RAM,S9,0,1,262.49,0
624,Acer,CPU1360,11.6,R3,OS5,4GB RAM,S9,0,1,232.99,0
625,Lenovo,CPU2024,11.6,R3,OS5,4GB RAM,S9,0,1,360.99,0
626,Acer,CPU1477,12,0,OS5,4GB RAM,S9,0,1,312.49,0
627,HP,CPU1477,11.6,0,OS5,4GB RAM,S9,0,1,320.49,0
628,Microsoft,CPU1575,10.5,R1,OS5,4GB RAM,S13,0,1,459.99,0
629,Cube,CPU1803,15.6,R3,OS5,4GB RAM,S11,0,1,189.99,0
630,Chillblast,CPU4005,16,R5,OS5,16GB RAM,S11,0,1,1499.99,0
631,Apple,CPU3605,13.6,0,OS9,8GB RAM,S12,0,1,1449.00,0
632,Lenovo,CPU3687,15.6,R1,OS5,8GB RAM,S12,0,1,929.99,0
633,Lenovo,CPU3850,15.6,R1,OS5,16GB RAM,S12,0,1,1129.99,0
634,Avita,CPU3060,14,R1,OS5,8GB RAM,S12,0,1,566.88,0
635,ASUS,CPU3205,15.6,R1,OS5,8GB RAM,S12,0,1,570.56,0
636,ASUS,CPU3205,14,R1,OS5,8GB RAM,S12,0,1,670.00,0
637,ASUS,CPU3205,14,R1,OS5,8GB RAM,S12,0,1,670.00,0
638,ASUS,CPU3324,13.3,R1,OS5,16GB RAM,S12,0,1,996.92,0
639,Acer,CPU3393,14,R1,OS5,8GB RAM,S12,0,1,549.99,0
640,Acer,CPU3525,14,R1,OS5,8GB RAM,S12,0,1,589.99,0
641,Lenovo,CPU3687,14,R17,OS5,8GB RAM,S12,0,1,579.97,0
642,ASUS,CPU3641,15.6,R1,OS5,8GB RAM,S12,0,1,672.44,0
643,ASUS,CPU3687,15.6,R1,OS5,16GB RAM,S12,0,1,729.99,0
644,ASUS,CPU3850,15.6,R1,OS5,16GB RAM,S12,0,1,749.99,0
645,Lenovo,CPU3620,14,R1,OS5,8GB RAM,S12,0,1,1202.99,0
646,Lenovo,CPU3525,14,R1,OS5,8GB RAM,S12,0,1,629.99,0
647,Honor,CPU2929,14,R1,OS5,8GB RAM,S12,0,1,399.97,0
648,ASUS,CPU3107,15.6,R1,OS5,8GB RAM,S12,0,1,581.47,0
649,ASUS,CPU2929,14,R1,OS5,8GB RAM,S12,0,1,599.99,0
650,ASUS,CPU3324,14,R1,OS5,16GB RAM,S12,0,1,499.97,0
651,Acer,CPU3324,13.5,R5,OS5,8GB RAM,S12,0,1,599.97,0
652,Lenovo,CPU3359,15.6,R1,OS5,8GB RAM,S12,0,1,649.97,0
653,Lenovo,CPU3359,14,R8,OS5,8GB RAM,S12,0,1,699.97,0
654,ASUS,CPU3359,15.6,R1,OS5,16GB RAM,S12,0,1,799.99,0
655,ASUS,CPU3324,15.6,R1,OS5,8GB RAM,S12,0,1,769.99,0
656,Gigabyte,CPU3385,14,R1,OS5,16GB RAM,S12,0,1,599.97,0
657,Acer,CPU3324,14,R1,OS5,8GB RAM,S12,0,1,529.97,0
658,ASUS,CPU3324,13.3,R1,OS5,8GB RAM,S12,0,1,929.99,0
659,Lenovo,CPU3359,15.6,R1,OS5,8GB RAM,S12,0,1,629.97,0
660,Lenovo,CPU3359,14,R1,OS5,8GB RAM,S12,0,1,649.99,0
661,Acer,CPU3359,14,R1,OS5,8GB RAM,S12,0,1,749.97,0
662,Lenovo,CPU3359,14,R8,OS5,16GB RAM,S12,0,1,1699.97,0
663,ASUS,CPU3359,15.6,R1,OS5,8GB RAM,S12,0,1,769.99,0
664,Acer,CPU3324,14,R1,OS5,16GB RAM,S12,0,1,649.97,0
665,Acer,CPU3333,15.6,R1,OS5,8GB RAM,S12,0,1,579.97,0
666,Lenovo,CPU3359,15.6,R1,OS5,8GB RAM,S12,0,1,699.97,0
667,ASUS,CPU3359,15.6,R1,OS5,16GB RAM,S12,0,1,850.00,0
668,ASUS,CPU3324,15.6,R1,OS5,16GB RAM,S12,0,1,760.00,0
669,Gigabyte,CPU3324,14,R1,OS5,16GB RAM,S12,0,1,655.88,0
670,ASUS,CPU3761,15.6,R1,OS5,8GB RAM,S12,0,1,649.97,0
671,Lenovo,CPU3390,15.6,R1,OS5,8GB RAM,S12,0,1,599.97,0
672,Acer,CPU3499,15.6,R1,OS5,8GB RAM,S12,0,1,599.97,0
673,Medion,CPU3212,15.6,R1,OS5,8GB RAM,S12,0,1,559.99,0
674,ASUS,CPU3582,15.6,R1,OS5,8GB RAM,S12,0,1,549.97,0
675,Lenovo,CPU3687,15.6,R1,OS5,8GB RAM,S12,0,1,649.99,0
676,ASUS,CPU3390,14,R11,OS5,8GB RAM,S12,0,1,699.99,0
677,Lenovo,CPU3687,15.6,R1,OS5,8GB RAM,S12,0,1,649.97,0
678,Medion,CPU3212,15.6,R1,OS5,8GB RAM,S12,0,1,599.99,0
679,Razer,CPU3359,13.3,R1,OS5,16GB RAM,S12,0,1,1779.99,0
680,HP,CPU3212,15.6,R1,OS5,8GB RAM,S12,0,1,789.99,0
681,Lenovo,CPU3807,15.6,R1,OS5,8GB RAM,S12,0,1,899.97,0
682,ASUS,CPU3582,15.6,R1,OS5,8GB RAM,S12,0,1,649.97,0
683,ASUS,CPU3390,15.6,R1,OS5,8GB RAM,S12,0,1,649.97,0
684,ASUS,CPU3390,15.6,R1,OS5,8GB RAM,S12,0,1,649.97,0
685,Acer,CPU3390,15.6,R1,OS5,8GB RAM,S12,0,1,649.97,0
686,ASUS,CPU3643,15.6,R1,OS5,8GB RAM,S12,0,1,699.99,0
687,ASUS,CPU3390,16,R8,OS5,16GB RAM,S12,0,1,999.99,0
688,ASUS,CPU3761,15.6,R1,OS5,8GB RAM,S12,0,1,889.99,0
689,Acer,CPU3622,14,R1,OS5,8GB RAM,S12,0,1,899.99,0
690,ASUS,CPU3850,15.6,R1,OS5,16GB RAM,S12,0,1,980.99,0
691,Medion,CPU3687,15.6,R1,OS5,8GB RAM,S12,0,1,639.99,0
692,Lenovo,CPU3390,15.6,R1,OS5,8GB RAM,S12,0,1,849.97,0
693,Lenovo,CPU3687,15.6,R1,OS5,8GB RAM,S12,0,1,749.99,0
694,Lenovo,CPU3687,15.6,R1,OS5,8GB RAM,S12,0,1,749.97,0
695,MSI,CPU3643,15.6,R1,OS5,8GB RAM,S12,0,1,729.99,0
696,Lenovo,CPU3807,15.6,R1,OS5,8GB RAM,S12,0,1,799.99,0
697,ASUS,CPU3643,17.3,R1,OS5,8GB RAM,S12,0,1,1070.92,0
698,Lenovo,CPU3687,15.6,R1,OS5,8GB RAM,S12,0,1,849.99,0
699,Acer,CPU3643,15.6,R1,OS5,8GB RAM,S12,0,1,889.99,0
700,Acer,CPU3883,15.6,R1,OS5,16GB RAM,S12,0,1,899.97,0
701,ASUS,CPU3761,15.6,R1,OS5,16GB RAM,S12,0,1,989.99,0
702,ASUS,CPU3643,15.6,R1,OS5,8GB RAM,S12,0,1,749.99,0
703,Lenovo,CPU3390,15.6,R1,OS5,8GB RAM,S12,0,1,839.99,0
704,Medion,CPU3687,15.6,R1,OS5,16GB RAM,S12,0,1,789.99,0
705,HP,CPU3850,16.1,R1,OS5,16GB RAM,S12,0,1,899.97,0
706,HP,CPU3687,16.1,R1,OS5,16GB RAM,S12,0,1,849.97,0
707,Acer,CPU3850,15.6,R1,OS5,16GB RAM,S12,0,1,1079.99,0
708,Medion,CPU3687,15.6,R1,OS5,16GB RAM,S12,0,1,789.99,0
709,Lenovo,CPU3850,17.3,R1,OS5,16GB RAM,S12,0,1,1199.97,0
710,ASUS,CPU3439,15.6,R1,OS5,8GB RAM,S12,0,1,859.99,0
711,Lenovo,CPU3687,15.6,R1,OS5,8GB RAM,S12,0,1,869.99,0
712,MSI,CPU3845,15.6,R1,OS5,16GB RAM,S12,0,1,1159.99,0
713,Gigabyte,CPU3425,15.6,R1,OS5,16GB RAM,S12,0,1,999.99,0
714,Razer,CPU3615,17.3,R1,OS5,16GB RAM,S12,0,1,2578.10,0
715,Lenovo,CPU3643,17.3,R1,OS5,8GB RAM,S12,0,1,999.97,0
716,Acer,CPU4005,15.6,R1,OS5,16GB RAM,S12,0,1,1149.97,0
717,Lenovo,CPU3915,15.6,R7,OS5,16GB RAM,S12,0,1,1435.86,0
718,AORUS,CPU3597,15.6,R1,OS5,16GB RAM,S12,0,1,1399.97,0
719,Lenovo,CPU3687,15.6,R1,OS5,8GB RAM,S12,0,1,899.97,0
720,Lenovo,CPU3643,17.3,R1,OS5,16GB RAM,S12,0,1,1129.99,0
721,AORUS,CPU3597,15.6,R1,OS5,16GB RAM,S12,0,1,1199.97,0
722,Lenovo,CPU3687,15.6,R1,OS5,8GB RAM,S12,NVIDIAGEFORCERTX30606GB,1,899.97,0
723,Acer,CPU3883,15.6,R1,OS5,16GB RAM,S12,NVIDIAGEFORCERTX30606GB,1,1049.97,0
724,Lenovo,CPU3807,15.6,R7,OS5,16GB RAM,S12,NVIDIAGEFORCERTX30606GB,1,1149.97,0
726,Medion,CPU3850,17.3,R5,OS5,16GB RAM,S12,NVIDIAGEFORCERTX30708GB,1,1329.99,0
727,Lenovo,CPU3850,17.3,R1,OS5,16GB RAM,S12,NVIDIAGEFORCERTX30708GB,1,1399.97,0
728,Medion,CPU3850,17.3,R5,OS5,16GB RAM,S12,NVIDIAGEFORCERTX30708GB,1,1329.99,0
729,Lenovo,CPU3850,15.6,R1,OS5,16GB RAM,S12,NVIDIAGEFORCERTX30708GB,1,1399.97,0
730,Lenovo,CPU3915,15.6,R7,OS5,16GB RAM,S12,NVIDIAGEFORCERTX3070TI8GB,1,1699.97,0
731,ASUS,CPU3107,14,R1,OS5,8GB RAM,S12,INTELUHD,1,939.99,0
732,ASUS,CPU3359,15.6,R1,OS5,8GB RAM,S12,INTELXE,1,499.99,0
733,ASUS,CPU3359,14,R1,OS5,16GB RAM,S12,NVIDIAGEFORCEMX4502GB,1,1269.99,0
734,Acer,CPU3324,15.6,R1,OS5,8GB RAM,S12,INTELXE,1,499.97,0
735,Acer,CPU3324,15.6,R1,OS5,16GB RAM,S12,INTELXE,1,549.97,0
736,Acer,CPU3324,15.6,R1,OS5,16GB RAM,S12,INTELXE,1,579.97,0
737,Acer,CPU3324,15.6,R1,OS5,8GB RAM,S12,INTELXE,1,499.97,0
738,Acer,CPU3324,15.6,R1,OS5,8GB RAM,S12,INTELXE,1,519.97,0
739,Lenovo,CPU3883,15.6,R1,OS5,16GB RAM,S12,NVIDIAGEFORCERTX3050TI4GB,1,999.99,0
740,Lenovo,CPU3883,15.6,R1,OS5,16GB RAM,S12,NVIDIAGEFORCERTX3050TI4GB,1,1069.99,0
741,Asus,CPU3324,14,R1,OS5,8GB RAM,S12,INTELIRISXE,1,869.99,0
742,Alienware,CPU3770,17.3,R1,OS5,16GB RAM,S12,DEDICATEDGEFORCERTX2070SUPER8GB,1,2679.99,0
743,Lenovo,CPU3890,13.3,R18,OS5,16GB RAM,S12,AMDRADEON680M,1,2000.99,0
744,Lenovo,CPU3033,15.6,R1,OS5,8GB RAM,S12,AMDRADEONVEGA8,1,486.99,0
745,Apple,CPU3696,14,0,OS9,16GB RAM,S12,APPLEM1PRO14CORE,1,1751.49,0
746,Apple,CPU3696,16,0,OS9,16GB RAM,S12,APPLEM1PRO16CORE,1,2210.49,0
747,Apple,CPU3696,16,0,OS9,16GB RAM,S12,APPLEM1PRO16CORE,1,2210.49,0
748,Apple,CPU3575,13,0,OS9,16GB RAM,S12,APPLEM17CORE,1,1389.00,0
749,Lenovo,CPU3359,15.6,R1,OS5,16GB RAM,S12,INTELIRISXE,1,804.49,0
750,Lenovo,CPU3493,15.6,R1,OS5,16GB RAM,S12,INTELIRISXE,1,1023.99,0
751,Dynabook,CPU3324,15.6,R1,OS5,8GB RAM,S12,INTELIRISXE,1,660.49,0
752,Lenovo,CPU3359,15.6,R1,OS5,8GB RAM,S12,INTELIRISXE,1,674.99,0
753,Lenovo,CPU3324,15.6,R1,OS5,8GB RAM,S12,INTELIRISXE,1,573.99,0
754,Lenovo,CPU3536,14,R13,OS5,16GB RAM,S12,INTELIRISXE,1,878.99,0
755,Lenovo,CPU3493,13.3,R13,OS5,16GB RAM,S12,INTELIRISXE,1,1291.49,0
756,Dynabook,CPU3712,13.3,R1,OS5,16GB RAM,S12,INTELIRISXE,1,1318.99,0
757,Dynabook,CPU3359,15.6,R1,OS5,8GB RAM,S12,INTELIRISXE,1,683.49,0
758,Lenovo,CPU3359,13.3,R1,OS5,16GB RAM,S12,INTELIRISXE,1,1105.99,0
759,Lenovo,CPU3493,13.3,R13,OS5,16GB RAM,S12,INTELIRISXE,1,1115.49,0
760,Lenovo,CPU3536,16,R13,OS5,16GB RAM,S12,INTELIRISXE,1,878.99,0
761,Lenovo,CPU3359,14,R1,OS5,16GB RAM,S12,INTELIRISXE,1,1567.99,0
762,Dell,CPU3481,14,R6,OS5,16GB RAM,S12,INTELIRISXE,1,2145.49,0
763,Dell,CPU3378,14,R1,OS5,16GB RAM,S12,INTELIRISXE,1,1458.49,0
764,Lenovo,CPU3690,16,R13,OS5,16GB RAM,S12,INTELIRISXE,1,1564.49,0
765,Dell,CPU3690,13.4,R13,OS5,16GB RAM,S12,INTELIRISXE,1,1521.99,0
766,Lenovo,CPU3359,14,R1,OS5,16GB RAM,S12,INTELIRISXE,1,1143.49,0
767,HP,CPU3359,13.3,R1,OS5,16GB RAM,S12,INTELIRISXE,1,2485.99,0
768,Lenovo,CPU3359,15.6,R1,OS5,16GB RAM,S12,INTELIRISXE,1,1143.49,0
769,Acer,CPU3359,15.6,R1,OS5,16GB RAM,S12,INTELIRISXE,1,782.99,0
770,Dell,CPU3378,13.3,R1,OS5,16GB RAM,S12,INTELIRISXE,1,1571.99,0
771,ASUS,CPU3359,14,R1,OS5,16GB RAM,S12,INTELIRISXE,1,1122.49,0
772,Lenovo,CPU3324,15.6,R1,OS5,8GB RAM,S12,INTELIRISXE,1,583.99,0
773,Dell,CPU3712,13.4,R2,OS5,16GB RAM,S12,INTELIRISXE,1,1431.49,0
774,Dell,CPU3378,14,R1,OS5,16GB RAM,S12,INTELIRISXE,1,1284.99,0
775,HP,CPU3359,14,R1,OS5,16GB RAM,S12,INTELIRISXE,1,1176.49,0
776,Acer,CPU3385,15.6,R1,OS5,16GB RAM,S12,INTELIRISXE,1,827.49,0
777,Dell,CPU3378,14,R6,OS5,16GB RAM,S12,INTELIRISXE,1,2009.49,0
778,Dell,CPU3378,13.3,R1,OS5,16GB RAM,S12,INTELIRISXE,1,1217.49,0
779,Lenovo,CPU3279,13.3,R11,OS5,16GB RAM,S12,INTELIRISXE,1,999.99,0
780,Dell,CPU3481,14,R2,OS5,16GB RAM,S12,INTELIRISXE,1,1961.49,0
781,Acer,CPU3359,14,R13,OS5,16GB RAM,S12,INTELIRISXE,1,1121.99,0
782,Dynabook,CPU3690,14,R1,OS5,16GB RAM,S12,INTELIRISXE,1,1013.49,0
783,Dynabook,CPU3690,14,R1,OS5,16GB RAM,S12,INTELIRISXE,1,1138.49,0
784,Lenovo,CPU3493,14,R1,OS5,16GB RAM,S12,INTELIRISXE,1,943.49,0
785,Lenovo,CPU3690,13,R16,OS5,16GB RAM,S12,INTELIRISXE,1,2000.99,0
786,Lenovo,CPU3690,14,R13,OS5,16GB RAM,S12,INTELIRISXE,1,1701.99,0
787,Lenovo,CPU3324,14,R1,OS5,16GB RAM,S12,INTELIRISXE,1,1522.99,0
788,Lenovo,CPU3493,14,R1,OS5,16GB RAM,S12,INTELIRISXE,1,1030.99,0
789,Lenovo,CPU3359,13.3,R13,OS5,16GB RAM,S12,INTELIRISXE,1,1645.49,0
790,Lenovo,CPU3359,14,R15,OS5,16GB RAM,S12,INTELIRISXE,1,2209.49,0
791,Lenovo,CPU3359,13.3,R1,OS5,16GB RAM,S12,INTELIRISXE,1,1232.99,0
792,Dynabook,CPU3359,15.6,R1,OS5,16GB RAM,S12,INTELIRISXE,1,792.99,0
793,Dynabook,CPU3324,15.6,R1,OS5,8GB RAM,S12,INTELIRISXE,1,499.99,0
794,Dynabook,CPU3690,13.3,R1,OS5,16GB RAM,S12,INTELIRISXE,1,1229.99,0
795,Lenovo,CPU3493,14,R1,OS5,16GB RAM,S12,INTELIRISXE,1,1030.99,0
796,Lenovo,CPU3493,15.6,R1,OS5,16GB RAM,S12,INTELIRISXE,1,943.49,0
797,Lenovo,CPU3690,14,R18,OS5,16GB RAM,S12,INTELIRISXE,1,1816.49,0
798,Lenovo,CPU3359,14,R9,OS5,16GB RAM,S12,INTELIRISXE,1,2207.99,0
799,Lenovo,CPU3324,14,R2,OS5,16GB RAM,S12,INTELIRISXE,1,1745.49,0
800,Lenovo,CPU3359,14,R9,OS5,16GB RAM,S12,INTELIRISXE,1,2057.49,0
801,Apple,CPU3575,13,0,OS9,8GB RAM,S12,APPLEM28CORE,1,1542.49,0
802,Lenovo,CPU3499,15.6,R1,OS5,8GB RAM,S12,AMDRADEON,1,409.99,0
803,Lenovo,CPU3641,14,R1,OS5,8GB RAM,S12,AMDRADEON,1,497.99,0
804,Lenovo,CPU3641,15.6,R1,OS5,16GB RAM,S12,AMDRADEON,1,799.49,0
805,Lenovo,CPU3499,14,R1,OS5,16GB RAM,S12,AMDRADEON,1,634.99,0
806,Lenovo,CPU3525,14,R1,OS5,16GB RAM,S12,AMDRADEON,1,814.99,0
807,Lenovo,CPU3699,14,R1,OS5,16GB RAM,S12,AMDRADEON,1,1193.49,0
808,Lenovo,CPU3641,15.6,R1,OS5,16GB RAM,S12,AMDRADEON,1,918.49,0
809,Lenovo,CPU3641,15.6,R1,OS5,8GB RAM,S12,AMDRADEON,1,749.99,0
810,Lenovo,CPU3620,14,R1,OS5,16GB RAM,S12,AMDRADEON,1,1289.99,0
811,Lenovo,CPU3738,14,R1,OS5,16GB RAM,S12,AMDRADEON,1,944.49,0
812,Dynabook,CPU3756,15.6,R1,OS5,16GB RAM,S12,AMDRADEON,1,699.99,0
813,Dynabook,CPU3622,15.6,R1,OS5,8GB RAM,S12,AMDRADEON,1,501.49,0
814,Lenovo,CPU3608,14,R1,OS5,16GB RAM,S12,AMDRADEON,1,1315.49,0
815,Lenovo,CPU3608,13.3,R13,OS5,16GB RAM,S12,AMDRADEON,1,1337.49,0
816,Lenovo,CPU3499,15.6,R1,OS5,8GB RAM,S12,AMDRADEON,1,553.49,0
817,Lenovo,CPU3478,14,R1,OS5,16GB RAM,S12,AMDRADEON,1,1005.99,0
818,Lenovo,CPU3666,13.3,R13,OS5,16GB RAM,S12,AMDRADEON,1,1253.49,0
819,Lenovo,CPU3666,13.3,R13,OS5,16GB RAM,S12,AMDRADEON,1,1115.49,0
820,Lenovo,CPU3641,14,R1,OS5,16GB RAM,S12,AMDRADEON,1,982.99,0
821,Lenovo,CPU3608,14,R1,OS5,8GB RAM,S12,AMDRADEON,1,968.49,0
822,Lenovo,CPU3608,15.6,R1,OS5,8GB RAM,S12,AMDRADEON,1,968.49,0
823,ASUS,CPU3525,14,R1,OS5,8GB RAM,S12,AMDRADEON,1,637.49,0
824,Lenovo,CPU3525,15.6,R1,OS5,16GB RAM,S12,AMDRADEON,1,983.99,0
825,Lenovo,CPU3738,15.6,R1,OS5,16GB RAM,S12,AMDRADEON,1,1005.99,0
826,Lenovo,CPU3641,14,R1,OS5,16GB RAM,S12,AMDRADEON,1,842.49,0
827,HP,CPU3324,14,R1,OS5,8GB RAM,S12,INTELIRIS,1,966.99,0
828,HP,CPU3107,15.6,R1,OS5,8GB RAM,S12,INTELUHD,1,443.99,0
829,Lenovo,CPU3493,15.6,R1,OS5,16GB RAM,S12,INTELUHD,1,1152.99,0
830,Lenovo,CPU2355,13.3,R10,OS5,8GB RAM,S12,INTELUHD,1,1266.49,0
831,Lenovo,CPU3493,14,R1,OS5,16GB RAM,S12,INTELUHD,1,1152.99,0
832,ASUS,CPU3107,14,R1,OS5,8GB RAM,S12,INTELUHD,1,484.49,0
833,Lenovo,CPU2355,13.3,R10,OS5,8GB RAM,S12,INTELUHD,1,3102.99,0
834,Lenovo,CPU3107,15.6,R1,OS5,8GB RAM,S12,INTELUHD,1,519.49,0
835,Lenovo,CPU3845,15.6,R1,OS5,16GB RAM,S12,NVIDIAGEFORCEGTX16504GB,1,1564.49,0
836,Lenovo,CPU3212,15.6,R1,OS5,16GB RAM,S12,NVIDIAGEFORCEGTX1650MAXQ4GB,1,871.99,0
837,Dell,CPU3455,15.6,R13,OS5,16GB RAM,S12,NVIDIAGEFORCEGTX1650TI4GB,1,1720.99,0
838,Lenovo,CPU3359,17.3,R1,OS5,8GB RAM,S12,NVIDIAGEFORCEMX3502GB,1,857.99,0
839,Lenovo,CPU3455,15.6,R1,OS5,32GB RAM,S12,NVIDIAGEFORCERTX2070,1,1901.99,0
840,Lenovo,CPU3845,15.6,R1,OS5,16GB RAM,S12,NVIDIAGEFORCERTX30504GB,1,1194.49,0
841,Dell,CPU4005,15.6,R2,OS5,16GB RAM,S12,NVIDIAGEFORCERTX3050TI4GB,1,1731.49,0
842,Lenovo,CPU3850,16,R11,OS5,16GB RAM,S12,NVIDIAGEFORCERTX30606GB,1,1239.99,0
843,Lenovo,CPU3022,14,R1,OS5,16GB RAM,S12,NVIDIAQUADROP5202GB,1,1024.49,0
844,Lenovo,CPU3324,15.6,R1,OS5,16GB RAM,S12,NVIDIAT5004GB,1,849.49,0
845,Lenovo,CPU3378,15.6,R1,OS5,16GB RAM,S12,NVIDIAT5004GB,1,1720.99,0
846,Lenovo,CPU3359,14,R1,OS5,16GB RAM,S12,NVIDIAT5004GB,1,1505.99,0
847,Lenovo,CPU3359,15.6,R1,OS5,16GB RAM,S12,NVIDIAT5004GB,1,1510.49,0
848,Lenovo,CPU3378,14,R1,OS5,16GB RAM,S12,NVIDIAT5004GB,1,1724.99,0
849,Lenovo,CPU3359,14,R1,OS5,16GB RAM,S12,NVIDIAT5004GB,1,1409.49,0
850,HP,CPU4005,15.6,R1,OS5,16GB RAM,S12,NVIDIAQUADROT6004GB,1,1576.99,0
851,Dell,CPU4005,15.6,R1,OS5,16GB RAM,S12,NVIDIARTXA10004GB,1,2211.99,0
852,HP,CPU4005,15.6,R1,OS5,16GB RAM,S12,NVIDIARTXA10004GB,1,1686.99,0
853,Dell,CPU4005,15.6,R1,OS5,32GB RAM,S12,NVIDIARTXA10004GB,1,2545.49,0
854,Lenovo,CPU3885,15.6,R1,OS5,16GB RAM,S12,NVIDIARTXA20004GB,1,2751.99,0
855,Lenovo,CPU3845,17.3,R1,OS5,16GB RAM,S12,NVIDIARTXA20004GB,1,2553.99,0
856,Lenovo,CPU3845,15.6,R1,OS5,16GB RAM,S12,NVIDIARTXA20004GB,1,2108.49,0
857,Lenovo,CPU3845,15.6,R1,OS5,16GB RAM,S12,NVIDIARTXA20004GB,1,2467.49,0
858,HP,CPU3845,15.6,R1,OS5,16GB RAM,S12,NVIDIARTXA20004GB,1,2107.49,0
859,HP,CPU3845,15.6,R1,OS5,16GB RAM,S12,NVIDIARTXA20004GB,1,2753.49,0
860,Lenovo,CPU3841,16,R11,OS5,16GB RAM,S12,NVIDIARTXA20004GB,1,1767.99,0
861,Dell,CPU4005,15.6,R15,OS5,16GB RAM,S12,NVIDIARTXA20008GB,1,3311.49,0
862,Dell,CPU4005,17,R9,OS5,16GB RAM,S12,NVIDIARTXA20008GB,1,4004.49,0
863,Dell,CPU3920,15.6,R9,OS5,32GB RAM,S12,NVIDIARTXA20008GB,1,3623.99,0
864,Dell,CPU3920,17,R9,OS5,32GB RAM,S12,NVIDIARTXA300012GB,1,4630.49,0
865,Dell,CPU3885,17,R9,OS5,32GB RAM,S12,NVIDIARTXA30006GBGDDR6,1,3977.49,0
866,Lenovo,CPU3841,15.6,R1,OS5,16GB RAM,S12,NVIDIARTXA30006GB,1,2896.49,0
867,HP,CPU3845,15.6,R1,OS5,32GB RAM,S12,NVIDIARTXA30006GB,1,2579.49,0
868,Lenovo,CPU3845,15.6,R1,OS5,16GB RAM,S12,NVIDIAT12004GB,1,2110.49,0
869,Lenovo,CPU3845,17.3,R1,OS5,16GB RAM,S12,NVIDIAT12004GB,1,2118.49,0
870,Lenovo,CPU3845,15.6,R1,OS5,16GB RAM,S12,NVIDIAT12004GB,1,1935.99,0
871,HP,CPU3845,17.3,R1,OS5,16GB RAM,S12,NVIDIAT12004GB,1,2019.49,0
872,Lenovo,CPU3841,16,R11,OS5,16GB RAM,S12,NVIDIAT12004GB,1,1694.49,0
873,Lenovo,CPU3651,15.6,R1,OS5,16GB RAM,S12,NVIDIAT12004GB,1,1997.49,0
874,Lenovo,CPU3845,16,R11,OS5,16GB RAM,S12,NVIDIAT12004GB,1,1553.49,0
875,HP,CPU3845,15.6,R1,OS5,32GB RAM,S12,NVIDIAT12004GB,1,2055.49,0
876,HP,CPU3845,15.6,R1,OS5,16GB RAM,S12,NVIDIAT12004GB,1,1960.99,0
877,Dell,CPU3845,17.3,R1,OS5,16GB RAM,S12,NVIDIAT12004GB,1,2618.99,0
878,HP,CPU3845,15.6,R1,OS5,16GB RAM,S12,NVIDIAT12004GB,1,1822.49,0
879,Dell,CPU3324,15.6,R1,OS5,8GB RAM,S12,NVIDIAT5002GB,1,1410.49,0
880,Dell,CPU3359,15.6,R1,OS5,16GB RAM,S12,NVIDIAT5002GB,1,1436.99,0
881,Dell,CPU3481,15.6,R1,OS5,32GB RAM,S12,NVIDIAQUADROT5504GB,1,2073.49,0
882,Dell,CPU3493,15.6,R1,OS5,16GB RAM,S12,NVIDIAQUADROT5504GB,1,1738.99,0
883,Dell,CPU3536,15.6,R1,OS5,16GB RAM,S12,NVIDIAQUADROT5504GB,1,1437.49,0
884,Lenovo,CPU3643,15.6,R1,OS5,16GB RAM,S12,NVIDIAT6004GB,1,1681.99,0
885,Lenovo,CPU3845,15.6,R1,OS5,16GB RAM,S12,NVIDIAT6004GB,1,1854.99,0
886,Dell,CPU3883,15.6,R1,OS5,16GB RAM,S12,NVIDIAT6004GB,1,1853.99,0
887,Dell,CPU4005,15.6,R1,OS5,16GB RAM,S12,NVIDIAT6004GB,1,2113.99,0
890,Chillblast,CPU4005,14,R5,OS5,8GB RAM,S12,NVIDIAGEFORCERTX3050TI,1,1559.99,0
891,Chillblast,CPU4005,14,R5,OS5,16GB RAM,S12,NVIDIAGEFORCERTX3050TI,1,1595.99,0
892,Apple,CPU2746,13.3,R1,OS9,16GB RAM,S12,0,1,1810.99,0
893,ASUS,CPU1128,15.6,R1,OS5,64GB RAM,S12,INTELHD500,1,389.99,0
894,ASUS,CPU1477,11.6,R3,OS5,4GB RAM,S13,INTELUHD600,1,149.99,0
895,ASUS,CPU1477,14,R3,OS5,4GB RAM,S13,INTELUHD600,1,175.99,0
896,Lenovo,CPU1477,10.3,R13,OS5,4GB RAM,S13,INTELUHD600,1,329.99,0
897,Acer,CPU2024,11.6,R3,OS5,4GB RAM,S13,INTELUHD600,1,240.49,0
898,Acer,CPU2024,11.6,R3,OS5,4GB RAM,S13,INTELUHD600,1,241.99,0
899,Lenovo,CPU1477,10.3,R13,OS5,4GB RAM,S13,INTELUHD600,1,395.99,0
900,ASUS,CPU2186,14,R1,OS5,8GB RAM,S13,INTELUHD615,1,536.49,0
901,Acer,CPU2746,13.3,R1,OS5,4GB RAM,S13,QUALCOMMADRENO618,1,386.49,0
902,ASUS,CPU1128,11.6,R3,OS5,4GB RAM,S13,INTELHD500,1,252.49,0
903,Lenovo,CPU1920,13.3,R1,OS5,4GB RAM,S13,AMDRADEON,1,578.49,0
904,Lenovo,CPU1808,14,R1,OS5,8GB RAM,S13,AMDRADEON,1,358.99,0
905,Lenovo,CPU2321,11.6,R3,OS5,8GB RAM,S13,INTELUHD,1,374.99,0
906,Asus,CPU1730,11.6,R3,OS5,4GB RAM,S13,INTELUHD,1,223.99,0
907,Lenovo,CPU1730,11.6,R3,OS5,4GB RAM,S13,INTELUHD,1,227.49,0
908,Lenovo,CPU1477,11.6,R3,OS5,4GB RAM,S13,INTELUHD600,1,289.99,0
909,Lenovo,CPU1477,14,R3,OS5,4GB RAM,S13,INTELHD,1,229.97,0
910,CODA,CPU1724,12.5,R3,OS5,4GB RAM,S13,INTELHD500,1,99.99,0
911,Geo,CPU1477,11.6,R3,OS5,4GB RAM,S13,INTELUHD600,1,199.99,0
912,Geo,CPU1477,11.6,R3,OS5,4GB RAM,S13,INTELUHD600,1,179.99,0
913,Geo,CPU1477,14,R3,OS5,4GB RAM,S13,INTELUHD600,1,239.99,0
914,Geo,CPU1477,14,R3,OS5,4GB RAM,S13,INTELUHD600,1,239.99,0
915,Geo,CPU1477,11.6,R3,OS5,4GB RAM,S13,INTELUHD600,1,189.99,0
916,ASUS,CPU1477,11.6,R3,OS5,4GB RAM,S13,INTELUHD600,1,229.99,0
917,Geo,CPU1477,11.6,R3,OS5,4GB RAM,S13,INTELUHD600,1,199.99,0
918,Lenovo,CPU2024,11.6,R3,OS5,4GB RAM,S13,INTELUHD600,1,352.99,0
919,Samsung,CPU1360,15.6,R1,OS5,4GB RAM,S13,INTELUHD600,1,382.99,0
920,Geo,CPU1477,14,R3,OS5,4GB RAM,S13,INTELUHD600,1,229.99,0
921,Geo,CPU1477,14,R3,OS5,4GB RAM,S13,INTELUHD600,1,229.99,0
922,Lenovo,CPU2095,14,R3,OS5,4GB RAM,S13,INTELHD,1,269.99,0
923,ASUS,CPU1730,11.6,R3,OS5,4GB RAM,S13,INTELUHD,1,288.99,0
924,ASUS,CPU1831,15.6,R1,OS5,8GB RAM,S13,INTELHD505,1,442.49,0
925,HP,CPU2004,14,R3,OS5,4GB RAM,S13,AMDRADEON,1,239.99,0
926,ASUS,CPU1477,14,R1,OS5,4GB RAM,S13,INTELHD,1,159.99,0
927,ASUS,CPU1477,15.6,R3,OS5,4GB RAM,S13,INTELHD,1,179.99,0
928,Acer,CPU1477,14,R3,OS5,4GB RAM,S13,INTELHD,1,239.99,0
929,Venturer,CPU1360,14,R1,OS5,4GB RAM,S13,INTELHD,1,229.99,0
930,ASUS,CPU1477,14,R3,OS5,4GB RAM,S13,INTELHD,1,179.59,0
931,Acer,CPU1730,14,R1,OS5,4GB RAM,S13,INTELUHD,1,199.99,0
932,Apple,CPU3575,13,0,OS9,8GB RAM,S7,APPLEM17CORE,1,933.49,0
933,Apple,CPU3575,13.3,0,OS9,8GB RAM,S7,APPLEM17CORE,1,920.99,0
934,Apple,CPU3575,13,0,OS9,8GB RAM,S12,APPLEM17CORE,1,1189.00,0
935,Apple,CPU3575,13,0,OS9,16GB RAM,S12,APPLEM18CORE,1,1689.00,0
936,Apple,CPU3575,13,0,OS9,8GB RAM,S7,APPLEM18CORE,1,999.00,0
937,Apple,CPU3605,13.6,0,OS9,8GB RAM,S7,APPLEM28CORE,1,1169.00,0
938,Apple,CPU3605,13.6,0,OS9,8GB RAM,S7,APPLEM28CORE,1,1175.00,0
939,Apple,CPU3605,13,0,OS9,8GB RAM,S7,0,1,1278.97,0
940,Apple,CPU3605,13,0,OS9,8GB RAM,S7,0,1,1279.00,0
941,Apple,CPU3605,13.6,0,OS9,8GB RAM,S7,APPLEM28CORE,1,1175.00,0
942,Apple,CPU3605,13.6,0,OS9,8GB RAM,S7,APPLEM28CORE,1,1179.00,0
943,Lenovo,CPU3324,15.6,R1,OS4,8GB RAM,S7,INTELIRISXE,1,537.49,0
944,Dell,CPU3303,13.3,R1,OS1,8GB RAM,S7,INTELUHD,1,559.49,0
945,Apple,CPU3605,13.6,0,OS9,8GB RAM,S12,APPLEM210CORE,1,1449.00,0
946,Apple,CPU3605,13,0,OS9,8GB RAM,S12,APPLEM210CORE,1,1449.00,0
947,Apple,CPU3605,13,0,OS9,8GB RAM,S12,APPLEM210CORE,1,1449.00,0
948,Apple,CPU3605,13.6,0,OS9,8GB RAM,S12,APPLEM210CORE,1,1449.00,0
949,Apple,CPU3605,13.6,0,OS9,8GB RAM,S12,APPLEM210CORE,1,1448.98,0
950,HP,CPU3584,13.3,R1,OS1,8GB RAM,S7,AMDRADEON,1,810.49,0
951,Avita,CPU3033,14,R1,OS7,8GB RAM,S7,AMDRADEONVEGA8,2,460.00,0
952,Apple,CPU3575,13,0,OS9,8GB RAM,S7,APPLEM17CORE,1,1589.00,0
953,ASUS,CPU2490,15.6,R1,OS2,8GB RAM,S7,INTELUHD,3,469.96,0
954,Acer,CPU2900,14,R1,OS1,8GB RAM,S7,INTELUHD,1,515.49,0
955,Dell,CPU3333,13.3,R1,OS1,8GB RAM,S7,INTELIRISXE,1,910.49,0
956,Dell,CPU3481,15.6,R1,OS1,16GB RAM,S7,INTELIRISXE,6,1444.99,0
957,ASUS,CPU3324,14,R1,OS1,8GB RAM,S7,INTELIRISXE,1,577.99,0
958,ASUS,CPU3385,14,R11,OS1,16GB RAM,S12,INTELIRISXE,1,1387.49,0
959,Dynabook,CPU3712,15.6,R1,OS1,16GB RAM,S7,INTELIRISXE,1,894.99,0
960,Dynabook,CPU3690,14,R1,OS1,16GB RAM,S12,INTELIRISXE,1,1006.49,0
961,Dell,CPU3385,13.3,R1,OS1,8GB RAM,S7,INTELIRISXE,1,1092.99,0
962,Dell,CPU3712,16,R2,OS1,8GB RAM,S7,INTELIRISXE,1,835.99,0
963,HP,CPU3493,15.6,R1,OS1,16GB RAM,S12,INTELIRISXE,6,1105.99,0
964,Acer,CPU2900,15.6,R1,OS1,8GB RAM,S7,INTELUHD,1,568.49,0
965,Acer,CPU2900,14,R1,OS1,8GB RAM,S7,INTELUHD,1,578.99,0
966,HP,CPU3359,14,R1,OS1,16GB RAM,S12,NVIDIAT5004GB,6,1202.99,0
967,Dell,CPU3488,13.3,R1,OS1,16GB RAM,S7,0,2,1496.99,0
968,HP,CPU3359,15.6,R1,OS1,16GB RAM,S12,0,6,1221.99,0
969,Dynabook,CPU3712,14,R1,OS1,8GB RAM,S7,INTELIRISXE,6,913.99,0
970,Dell,CPU3719,14,R1,OS1,16GB RAM,S12,NVIDIAQUADROT5504GB,1,1371.49,0
971,ASUS,CPU3324,15.6,R1,OS1,8GB RAM,S12,INTELIRISXE,1,596.49,0
972,Dell,CPU3488,13.3,R1,OS1,16GB RAM,S7,INTELIRISXE,1,1278.99,0
973,Dell,CPU3324,14,R1,OS1,8GB RAM,S7,INTELIRISXE,5,784.99,0
974,HP,CPU3536,15.6,R1,OS1,8GB RAM,S7,INTELIRISXE,6,779.49,0
975,Dell,CPU3481,13.3,R1,OS1,16GB RAM,S12,INTELIRISXE,6,1741.99,0
976,Dell,CPU3536,15.6,R1,OS1,8GB RAM,S7,INTELIRISXE,6,1069.99,0
977,Dell,CPU3488,14,R1,OS1,16GB RAM,S7,INTELIRISXE,6,1278.99,0
978,Dell,CPU3481,13.3,R1,OS1,16GB RAM,S12,INTELIRISXE,6,1527.99,0
979,HP,CPU3536,14,R1,OS1,8GB RAM,S7,INTELIRISXE,1,771.49,0
980,Dell,CPU3481,14,R1,OS1,16GB RAM,S12,INTELIRISXE,6,1512.99,0
981,HP,CPU3584,14,R1,OS1,8GB RAM,S7,AMDRADEON,1,710.99,0
982,ASUS,CPU2486,14,R1,OS1,8GB RAM,S7,AMDRADEON,1,387.49,0
983,Dell,CPU2900,15.6,R1,OS1,8GB RAM,S7,INTELUHD,1,640.49,0
984,Dell,CPU2900,14,R1,OS1,8GB RAM,S7,INTELUHD,1,640.49,0
985,Dell,CPU3536,14,R1,OS1,8GB RAM,S7,0,6,1099.99,0
986,Dell,CPU3324,15.6,R1,OS1,8GB RAM,S7,0,1,778.99,0
987,Dell,CPU3359,15.6,R1,OS1,16GB RAM,S7,0,1,1018.49,0
988,Dell,CPU3359,14,R1,OS1,16GB RAM,S7,0,1,1006.49,0
989,Lenovo,CPU3666,13.3,R13,OS5,16GB RAM,S7,AMDRADEON,5,1216.49,0
990,Lenovo,CPU3699,14,R1,OS5,16GB RAM,S12,AMDRADEON,6,1255.49,0
991,Lenovo,CPU3324,15.6,R1,OS5,16GB RAM,S12,NVIDIAT5004GB,6,1379.99,0
992,Lenovo,CPU3314,15.6,R1,OS4,8GB RAM,S7,AMDRADEON,1,443.99,0
993,ASUS,CPU3324,15.6,R1,OS5,8GB RAM,S7,INTELIRISXE,1,577.99,0
994,Fujitsu,CPU3493,15.6,R1,OS5,32GB RAM,S5,INTELIRISXE,6,1393.49,0
995,Fujitsu,CPU3536,14,R1,OS5,16GB RAM,S7,INTELIRISXE,6,1143.49,0
996,HP,CPU3493,13.5,R14,OS5,16GB RAM,S12,INTELIRISXE,6,1771.49,0
997,HP,CPU3536,14,R1,OS5,16GB RAM,S12,INTELIRISXE,6,966.49,0
998,ASUS,CPU3359,14,R1,OS5,16GB RAM,S7,INTELIRISXE,1,1606.49,0
999,ASUS,CPU3324,14,R1,OS5,8GB RAM,S7,INTELIRISXE,1,463.49,0
1000,Fujitsu,CPU3493,15.6,R1,OS5,16GB RAM,S12,INTELIRISXE,6,1261.99,0
1001,Fujitsu,CPU3493,13.3,R1,OS5,16GB RAM,S12,INTELIRISXE,6,1262.99,0
1002,Fujitsu,CPU3536,13.3,R1,OS5,16GB RAM,S7,INTELIRISXE,6,1114.99,0
1003,HP,CPU3493,14,R13,OS5,16GB RAM,S12,INTELIRISXE,6,1632.49,0
1004,ASUS,CPU3385,14,R13,OS5,16GB RAM,S12,INTEGREATEDINTELIRISXE,1,1478.99,0
1005,ASUS,CPU3324,15.6,R1,OS5,8GB RAM,S12,INTELUHD,1,463.49,0
1006,Fujitsu,CPU3493,14,R1,OS5,16GB RAM,S12,0,6,1261.99,0
1007,Fujitsu,CPU3493,14,R1,OS5,32GB RAM,S5,0,6,1391.99,0
1008,Lenovo,CPU3314,15.6,R1,OS5,8GB RAM,S7,AMDRADEON,1,506.49,0
1009,Lenovo,CPU4005,16,R11,OS4,16GB RAM,S12,NVIDIAGEFORCERTX30606GB,5,1599.97,0
1010,Lenovo,CPU4121,16,R11,OS4,32GB RAM,S5,NVIDIAGEFORCERTX3070TI8GB,5,2299.97,0
1011,Lenovo,CPU4005,15.6,R7,OS4,32GB RAM,S5,NVIDIAGEFORCERTX3070TI8GB,5,1899.97,0
1012,Lenovo,CPU4005,15.6,R7,OS4,8GB RAM,S12,NVIDIAGEFORCERTX3070TI8GB,5,1699.97,0
1013,MSI,CPU4005,17.3,R1,OS2,32GB RAM,S5,NVIDIAGEFORCERTX30808GB,3,2659.99,0
1014,Lenovo,CPU4079,16,R11,OS4,32GB RAM,S5,NVIDIAGEFORCERTX3080TI8GB,5,2899.97,0
1015,Lenovo,CPU3690,16,R2,OS5,16GB RAM,S12,NVIDIAQUADROT5504GB,6,1644.99,0
1016,HP,CPU3493,14,R1,OS5,16GB RAM,S12,INTELIRISXE,6,1097.49,0
1017,Lenovo,CPU3536,13.3,R13,OS5,16GB RAM,S7,INTELIRISXE,6,1379.99,0
1018,ASUS,CPU3324,13.3,R1,OS1,8GB RAM,S7,INTELIRISXE,1,818.49,0
1019,ASUS,CPU3359,13.3,R1,OS1,16GB RAM,S12,INTELIRISXE,1,1057.49,0
1020,ASUS,CPU2900,15.6,R1,OS1,8GB RAM,S7,INTELUHD,1,455.99,0